module,kind,cls,name,sig,lineno,status,notes
sql/connect/_typing.py,class,,UserDefinedFunctionLike,,73,todo,
sql/connect/_typing.py,method,UserDefinedFunctionLike,returnType,(self),79,todo,
sql/connect/_typing.py,method,UserDefinedFunctionLike,__call__,"(self, *args)",81,todo,
sql/connect/_typing.py,method,UserDefinedFunctionLike,asNondeterministic,(self),83,todo,
sql/connect/_typing.py,class,,UserDefinedFunctionCallable,,86,todo,
sql/connect/_typing.py,method,UserDefinedFunctionCallable,__call__,"(self, *_)",87,todo,
sql/connect/avro/functions.py,function,,from_avro,"(data, jsonFormatSchema, options)",34,todo,
sql/connect/avro/functions.py,function,,to_avro,"(data, jsonFormatSchema)",67,todo,
sql/connect/catalog.py,class,,Catalog,,43,done,catalog.rs
sql/connect/catalog.py,method,Catalog,__init__,"(self, sparkSession)",44,done,catalog.rs
sql/connect/catalog.py,method,Catalog,currentCatalog,(self),52,done,catalog.rs
sql/connect/catalog.py,method,Catalog,setCurrentCatalog,"(self, catalogName)",58,done,catalog.rs
sql/connect/catalog.py,method,Catalog,listCatalogs,"(self, pattern)",63,done,catalog.rs
sql/connect/catalog.py,method,Catalog,currentDatabase,(self),75,done,catalog.rs
sql/connect/catalog.py,method,Catalog,setCurrentDatabase,"(self, dbName)",81,done,catalog.rs
sql/connect/catalog.py,method,Catalog,listDatabases,"(self, pattern)",86,done,catalog.rs
sql/connect/catalog.py,method,Catalog,getDatabase,"(self, dbName)",100,done,catalog.rs
sql/connect/catalog.py,method,Catalog,databaseExists,"(self, dbName)",111,done,catalog.rs
sql/connect/catalog.py,method,Catalog,listTables,"(self, dbName, pattern)",117,done,catalog.rs
sql/connect/catalog.py,method,Catalog,getTable,"(self, tableName)",135,done,catalog.rs
sql/connect/catalog.py,method,Catalog,listFunctions,"(self, dbName, pattern)",148,done,catalog.rs
sql/connect/catalog.py,method,Catalog,functionExists,"(self, functionName, dbName)",166,done,catalog.rs
sql/connect/catalog.py,method,Catalog,getFunction,"(self, functionName)",180,done,catalog.rs
sql/connect/catalog.py,method,Catalog,listColumns,"(self, tableName, dbName)",193,done,catalog.rs
sql/connect/catalog.py,method,Catalog,tableExists,"(self, tableName, dbName)",216,done,catalog.rs
sql/connect/catalog.py,method,Catalog,createExternalTable,"(self, tableName, path, source, schema, **options)",228,done,catalog.rs
sql/connect/catalog.py,method,Catalog,createTable,"(self, tableName, path, source, schema, description, **options)",244,done,catalog.rs
sql/connect/catalog.py,method,Catalog,dropTempView,"(self, viewName)",276,done,catalog.rs
sql/connect/catalog.py,method,Catalog,dropGlobalTempView,"(self, viewName)",282,done,catalog.rs
sql/connect/catalog.py,method,Catalog,isCached,"(self, tableName)",288,done,catalog.rs
sql/connect/catalog.py,method,Catalog,cacheTable,"(self, tableName, storageLevel)",294,done,catalog.rs
sql/connect/catalog.py,method,Catalog,uncacheTable,"(self, tableName)",299,done,catalog.rs
sql/connect/catalog.py,method,Catalog,clearCache,(self),304,done,catalog.rs
sql/connect/catalog.py,method,Catalog,refreshTable,"(self, tableName)",309,done,catalog.rs
sql/connect/catalog.py,method,Catalog,recoverPartitions,"(self, tableName)",314,done,catalog.rs
sql/connect/catalog.py,method,Catalog,refreshByPath,"(self, path)",319,done,catalog.rs
sql/connect/catalog.py,method,Catalog,dropTable,"(self, tableName, ifExists, purge)",324,done,catalog.rs
sql/connect/catalog.py,method,Catalog,dropView,"(self, viewName, ifExists)",331,done,catalog.rs
sql/connect/catalog.py,method,Catalog,createDatabase,"(self, dbName, ifNotExists, properties)",336,done,catalog.rs
sql/connect/catalog.py,method,Catalog,dropDatabase,"(self, dbName, ifExists, cascade)",345,done,catalog.rs
sql/connect/catalog.py,method,Catalog,listPartitions,"(self, tableName)",352,done,catalog.rs
sql/connect/catalog.py,method,Catalog,listViews,"(self, dbName, pattern)",358,done,catalog.rs
sql/connect/catalog.py,method,Catalog,getTableProperties,"(self, tableName)",376,done,catalog.rs
sql/connect/catalog.py,method,Catalog,getCreateTableString,"(self, tableName, asSerde)",382,done,catalog.rs
sql/connect/catalog.py,method,Catalog,truncateTable,"(self, tableName)",390,done,catalog.rs
sql/connect/catalog.py,method,Catalog,analyzeTable,"(self, tableName, noScan)",395,done,catalog.rs
sql/connect/catalog.py,method,Catalog,registerFunction,"(self, name, f, returnType)",400,done,catalog.rs
sql/connect/client/artifact.py,class,,LocalData,,47,done,spark-connect-core/src/artifact.rs
sql/connect/client/artifact.py,method,LocalData,stream,(self),53,done,spark-connect-core/src/artifact.rs
sql/connect/client/artifact.py,method,LocalData,size,(self),58,done,spark-connect-core/src/artifact.rs
sql/connect/client/artifact.py,class,,LocalFile,,62,done,spark-connect-core/src/artifact.rs
sql/connect/client/artifact.py,method,LocalFile,__init__,"(self, path)",67,done,spark-connect-core/src/artifact.rs
sql/connect/client/artifact.py,method,LocalFile,size,(self),78,done,spark-connect-core/src/artifact.rs
sql/connect/client/artifact.py,method,LocalFile,stream,(self),81,done,spark-connect-core/src/artifact.rs
sql/connect/client/artifact.py,class,,InMemory,,85,done,spark-connect-core/src/artifact.rs
sql/connect/client/artifact.py,method,InMemory,__init__,"(self, blob)",90,done,spark-connect-core/src/artifact.rs
sql/connect/client/artifact.py,method,InMemory,size,(self),94,done,spark-connect-core/src/artifact.rs
sql/connect/client/artifact.py,method,InMemory,stream,(self),97,done,spark-connect-core/src/artifact.rs
sql/connect/client/artifact.py,class,,Artifact,,101,done,spark-connect-core/src/artifact.rs
sql/connect/client/artifact.py,method,Artifact,__init__,"(self, path, storage)",102,done,spark-connect-core/src/artifact.rs
sql/connect/client/artifact.py,method,Artifact,size,(self),108,done,spark-connect-core/src/artifact.rs
sql/connect/client/artifact.py,function,,new_jar_artifact,"(file_name, storage)",118,done,spark-connect-core/src/artifact.rs
sql/connect/client/artifact.py,function,,new_pyfile_artifact,"(file_name, storage)",122,done,spark-connect-core/src/artifact.rs
sql/connect/client/artifact.py,function,,new_archive_artifact,"(file_name, storage)",127,done,spark-connect-core/src/artifact.rs
sql/connect/client/artifact.py,function,,new_file_artifact,"(file_name, storage)",131,done,spark-connect-core/src/artifact.rs
sql/connect/client/artifact.py,function,,new_cache_artifact,"(id, storage)",135,done,spark-connect-core/src/artifact.rs
sql/connect/client/artifact.py,class,,ArtifactManager,,147,done,spark-connect-core/src/artifact.rs
sql/connect/client/artifact.py,method,ArtifactManager,__init__,"(self, user_id, session_id, channel, metadata, add_artifacts_timeout, artifact_status_timeout)",166,done,spark-connect-core/src/artifact.rs
sql/connect/client/artifact.py,method,ArtifactManager,add_artifacts,"(self, *path, pyfile, archive, file)",309,done,spark-connect-core/src/artifact.rs
sql/connect/client/artifact.py,method,ArtifactManager,is_cached_artifact,"(self, hash)",430,done,spark-connect-core/src/artifact.rs
sql/connect/client/artifact.py,method,ArtifactManager,get_cached_artifacts,"(self, hashes)",446,done,spark-connect-core/src/artifact.rs
sql/connect/client/artifact.py,method,ArtifactManager,cache_artifact,"(self, blob)",472,done,spark-connect-core/src/artifact.rs
sql/connect/client/artifact.py,method,ArtifactManager,cache_artifacts,"(self, blobs)",488,done,spark-connect-core/src/artifact.rs
sql/connect/client/core.py,class,,RpcDeadlines,,136,todo,
sql/connect/client/core.py,method,RpcDeadlines,__post_init__,(self),162,todo,
sql/connect/client/core.py,method,RpcDeadlines,disabled,(cls),174,todo,
sql/connect/client/core.py,class,,ChannelBuilder,,207,todo,
sql/connect/client/core.py,method,ChannelBuilder,__init__,"(self, channelOptions, params)",242,todo,
sql/connect/client/core.py,method,ChannelBuilder,get,"(self, key)",255,done,spark-connect-core/channel.rs
sql/connect/client/core.py,method,ChannelBuilder,getDefault,"(self, key, default)",267,done,spark-connect-core/channel.rs
sql/connect/client/core.py,method,ChannelBuilder,set,"(self, key, value)",270,done,spark-connect-core/channel.rs
sql/connect/client/core.py,method,ChannelBuilder,setChannelOption,"(self, key, value)",273,todo,
sql/connect/client/core.py,method,ChannelBuilder,add_interceptor,"(self, interceptor)",281,todo,
sql/connect/client/core.py,method,ChannelBuilder,toChannel,(self),284,todo,
sql/connect/client/core.py,method,ChannelBuilder,host,(self),295,todo,
sql/connect/client/core.py,method,ChannelBuilder,userId,(self),321,done,spark-connect-core/channel.rs
sql/connect/client/core.py,method,ChannelBuilder,token,(self),330,done,spark-connect-core/channel.rs
sql/connect/client/core.py,method,ChannelBuilder,keepalive_enabled,(self),336,done,spark-connect-core/channel.rs
sql/connect/client/core.py,method,ChannelBuilder,keepalive_time_ms,(self),352,done,spark-connect-core/channel.rs
sql/connect/client/core.py,method,ChannelBuilder,keepalive_timeout_ms,(self),362,done,spark-connect-core/channel.rs
sql/connect/client/core.py,method,ChannelBuilder,keepalive_without_calls,(self),372,done,spark-connect-core/channel.rs
sql/connect/client/core.py,method,ChannelBuilder,metadata,(self),403,done,spark-connect-core/channel.rs
sql/connect/client/core.py,method,ChannelBuilder,session_id,(self),430,done,spark-connect-core/channel.rs
sql/connect/client/core.py,method,ChannelBuilder,userAgent,(self),449,done,spark-connect-core/channel.rs
sql/connect/client/core.py,class,,DefaultChannelBuilder,,479,todo,
sql/connect/client/core.py,method,DefaultChannelBuilder,default_port,(),502,todo,
sql/connect/client/core.py,method,DefaultChannelBuilder,__init__,"(self, url, channelOptions)",527,done,spark-connect-core/channel.rs
sql/connect/client/core.py,method,DefaultChannelBuilder,secure,(self),596,done,spark-connect-core/channel.rs
sql/connect/client/core.py,method,DefaultChannelBuilder,use_ssl,(self),600,done,spark-connect-core/channel.rs
sql/connect/client/core.py,method,DefaultChannelBuilder,host,(self),604,done,spark-connect-core/channel.rs
sql/connect/client/core.py,method,DefaultChannelBuilder,endpoint,(self),611,done,spark-connect-core/channel.rs
sql/connect/client/core.py,method,DefaultChannelBuilder,toChannel,(self),614,todo,
sql/connect/client/core.py,class,,PlanObservedMetrics,,646,todo,
sql/connect/client/core.py,method,PlanObservedMetrics,__init__,"(self, name, metrics, keys)",647,todo,
sql/connect/client/core.py,method,PlanObservedMetrics,__repr__,(self),652,todo,
sql/connect/client/core.py,method,PlanObservedMetrics,name,(self),656,todo,
sql/connect/client/core.py,method,PlanObservedMetrics,metrics,(self),660,todo,
sql/connect/client/core.py,method,PlanObservedMetrics,pairs,(self),664,todo,
sql/connect/client/core.py,method,PlanObservedMetrics,keys,(self),671,todo,
sql/connect/client/core.py,method,PlanObservedMetrics,to_dict,(self),674,todo,
sql/connect/client/core.py,class,,AnalyzeResult,,689,todo,
sql/connect/client/core.py,method,AnalyzeResult,__init__,"(self, schema, explain_string, tree_string, is_local, is_streaming, input_files, spark_version, parsed, is_same_semantics, semantic_hash, storage_level, ddl_string)",690,todo,
sql/connect/client/core.py,method,AnalyzeResult,fromProto,"(cls, pb)",719,todo,
sql/connect/client/core.py,class,,ConfigResult,,780,todo,
sql/connect/client/core.py,method,ConfigResult,__init__,"(self, pairs, warnings)",781,todo,
sql/connect/client/core.py,method,ConfigResult,fromProto,"(cls, pb)",786,todo,
sql/connect/client/core.py,class,,SparkConnectClient,,798,todo,
sql/connect/client/core.py,method,SparkConnectClient,__init__,"(self, connection, user_id, channel_options, retry_policy, use_reattachable_execute, session_hooks, allow_arrow_batch_chunking, preferred_arrow_chunk_size, rpc_deadlines, max_retry_exception_elapsed_time)",811,done,spark-connect-core/src/client.rs
sql/connect/client/core.py,method,SparkConnectClient,register_progress_handler,"(self, handler)",976,todo,
sql/connect/client/core.py,method,SparkConnectClient,clear_progress_handlers,(self),990,todo,
sql/connect/client/core.py,method,SparkConnectClient,remove_progress_handler,"(self, handler)",993,todo,
sql/connect/client/core.py,method,SparkConnectClient,disable_reattachable_execute,(self),1011,todo,
sql/connect/client/core.py,method,SparkConnectClient,enable_reattachable_execute,(self),1015,todo,
sql/connect/client/core.py,method,SparkConnectClient,set_retry_policies,"(self, policies)",1019,todo,
sql/connect/client/core.py,method,SparkConnectClient,get_retry_policies,(self),1027,todo,
sql/connect/client/core.py,method,SparkConnectClient,register_udf,"(self, function, return_type, name, eval_type, deterministic)",1077,todo,
sql/connect/client/core.py,method,SparkConnectClient,register_udtf,"(self, function, return_type, name, eval_type, deterministic)",1116,todo,
sql/connect/client/core.py,method,SparkConnectClient,register_data_source,"(self, dataSource)",1150,todo,
sql/connect/client/core.py,method,SparkConnectClient,register_java,"(self, name, javaClassName, return_type, aggregate)",1167,todo,
sql/connect/client/core.py,method,SparkConnectClient,to_table_as_iterator,"(self, plan, observations)",1208,todo,
sql/connect/client/core.py,method,SparkConnectClient,to_table,"(self, plan, observations)",1227,todo,
sql/connect/client/core.py,method,SparkConnectClient,to_pandas,"(self, plan, observations, **kwargs)",1246,todo,
sql/connect/client/core.py,method,SparkConnectClient,schema,"(self, plan)",1375,todo,
sql/connect/client/core.py,method,SparkConnectClient,explain_string,"(self, plan, explain_mode)",1389,todo,
sql/connect/client/core.py,method,SparkConnectClient,execute_command,"(self, command, observations)",1405,todo,
sql/connect/client/core.py,method,SparkConnectClient,execute_command_as_iterator,"(self, command, observations)",1427,todo,
sql/connect/client/core.py,method,SparkConnectClient,same_semantics,"(self, plan, other)",1452,todo,
sql/connect/client/core.py,method,SparkConnectClient,semantic_hash,"(self, plan)",1460,todo,
sql/connect/client/core.py,method,SparkConnectClient,close,(self),1468,todo,
sql/connect/client/core.py,method,SparkConnectClient,is_closed,(self),1478,todo,
sql/connect/client/core.py,method,SparkConnectClient,host,(self),1485,done,spark-connect-core/src/client.rs
sql/connect/client/core.py,method,SparkConnectClient,token,(self),1492,done,spark-connect-core/src/client.rs
sql/connect/client/core.py,method,SparkConnectClient,get_configs,"(self, *keys)",2016,done,client.rs
sql/connect/client/core.py,method,SparkConnectClient,get_config_dict,"(self, *keys)",2021,todo,
sql/connect/client/core.py,method,SparkConnectClient,get_config_with_defaults,"(self, *pairs)",2025,done,client.rs
sql/connect/client/core.py,method,SparkConnectClient,config,"(self, operation)",2036,done,spark-connect-core/src/client.rs
sql/connect/client/core.py,method,SparkConnectClient,interrupt_all,(self),2098,done,client.rs
sql/connect/client/core.py,method,SparkConnectClient,interrupt_tag,"(self, tag)",2114,done,client.rs
sql/connect/client/core.py,method,SparkConnectClient,interrupt_operation,"(self, op_id)",2130,done,client.rs
sql/connect/client/core.py,method,SparkConnectClient,release_session,(self),2146,done,client.rs
sql/connect/client/core.py,method,SparkConnectClient,add_tag,"(self, tag)",2222,todo,
sql/connect/client/core.py,method,SparkConnectClient,remove_tag,"(self, tag)",2228,todo,
sql/connect/client/core.py,method,SparkConnectClient,get_tags,(self),2234,todo,
sql/connect/client/core.py,method,SparkConnectClient,clear_tags,(self),2239,todo,
sql/connect/client/core.py,method,SparkConnectClient,add_threadlocal_user_context_extension,"(self, extension)",2266,todo,
sql/connect/client/core.py,method,SparkConnectClient,add_global_user_context_extension,"(self, extension)",2273,todo,
sql/connect/client/core.py,method,SparkConnectClient,remove_user_context_extension,"(self, extension_id)",2279,todo,
sql/connect/client/core.py,method,SparkConnectClient,clear_user_context_extensions,(self),2292,todo,
sql/connect/client/core.py,method,SparkConnectClient,add_artifacts,"(self, *paths, pyfile, archive, file)",2437,done,client.rs
sql/connect/client/core.py,method,SparkConnectClient,copy_from_local_to_fs,"(self, local_path, dest_path)",2448,todo,
sql/connect/client/core.py,method,SparkConnectClient,cache_artifact,"(self, blob)",2453,todo,
sql/connect/client/core.py,method,SparkConnectClient,cache_artifacts,"(self, blobs)",2459,todo,
sql/connect/client/core.py,method,SparkConnectClient,clone,"(self, new_session_id)",2718,todo,
sql/connect/client/core.py,method,SparkConnectClient,newSession,(self),2788,todo,
sql/connect/client/reattach.py,class,,ExecutePlanResponseReattachableIterator,,37,done,reattach.rs full impl
sql/connect/client/reattach.py,method,ExecutePlanResponseReattachableIterator,__new__,"(cls, *args, **kwargs)",64,done,reattach.rs full impl
sql/connect/client/reattach.py,method,ExecutePlanResponseReattachableIterator,__init__,"(self, request, stub, retrying, metadata, reattachable_execute_plan_timeout, reattach_execute_timeout)",69,done,reattach.rs full impl
sql/connect/client/reattach.py,method,ExecutePlanResponseReattachableIterator,release_futures,(self),126,done,reattach.rs full impl
sql/connect/client/reattach.py,method,ExecutePlanResponseReattachableIterator,shutdown_threadpool_if_idle,(cls),144,done,reattach.rs full impl
sql/connect/client/reattach.py,method,ExecutePlanResponseReattachableIterator,send,"(self, value)",150,done,reattach.rs full impl
sql/connect/client/reattach.py,method,ExecutePlanResponseReattachableIterator,throw,"(self, type, value, traceback)",362,done,reattach.rs full impl
sql/connect/client/reattach.py,method,ExecutePlanResponseReattachableIterator,close,(self),365,done,reattach.rs full impl
sql/connect/client/retries.py,class,,RetryPolicy,,46,done,spark-connect-core/src/retries.rs
sql/connect/client/retries.py,method,RetryPolicy,__init__,"(self, max_retries, initial_backoff, max_backoff, backoff_multiplier, jitter, min_jitter_threshold, recognize_server_retry_delay, max_server_retry_delay)",81,done,spark-connect-core/src/retries.rs
sql/connect/client/retries.py,method,RetryPolicy,name,(self),103,done,spark-connect-core/src/retries.rs
sql/connect/client/retries.py,method,RetryPolicy,can_retry,"(self, exception)",106,done,spark-connect-core/src/retries.rs
sql/connect/client/retries.py,method,RetryPolicy,to_state,(self),109,done,spark-connect-core/src/retries.rs
sql/connect/client/retries.py,class,,RetryPolicyState,,113,done,spark-connect-core/src/retries.rs
sql/connect/client/retries.py,method,RetryPolicyState,__init__,"(self, policy)",118,done,spark-connect-core/src/retries.rs
sql/connect/client/retries.py,method,RetryPolicyState,policy,(self),126,done,spark-connect-core/src/retries.rs
sql/connect/client/retries.py,method,RetryPolicyState,name,(self),130,done,spark-connect-core/src/retries.rs
sql/connect/client/retries.py,method,RetryPolicyState,can_retry,"(self, exception)",133,done,spark-connect-core/src/retries.rs
sql/connect/client/retries.py,method,RetryPolicyState,next_attempt,"(self, exception)",136,done,spark-connect-core/src/retries.rs
sql/connect/client/retries.py,class,,AttemptManager,,173,done,spark-connect-core/src/retries.rs
sql/connect/client/retries.py,method,AttemptManager,__init__,"(self, retrying)",178,done,spark-connect-core/src/retries.rs
sql/connect/client/retries.py,method,AttemptManager,__enter__,(self),181,done,spark-connect-core/src/retries.rs
sql/connect/client/retries.py,method,AttemptManager,__exit__,"(self, exc_type, exception, exc_tb)",184,done,spark-connect-core/src/retries.rs
sql/connect/client/retries.py,class,,Retrying,,207,done,spark-connect-core/src/retries.rs
sql/connect/client/retries.py,method,Retrying,__init__,"(self, policies, sleep, max_retry_exception_elapsed_time, now)",230,done,spark-connect-core/src/retries.rs
sql/connect/client/retries.py,method,Retrying,can_retry,"(self, exception)",250,done,spark-connect-core/src/retries.rs
sql/connect/client/retries.py,method,Retrying,accept_exception,"(self, exception)",256,done,spark-connect-core/src/retries.rs
sql/connect/client/retries.py,method,Retrying,accept_succeeded,(self),262,done,spark-connect-core/src/retries.rs
sql/connect/client/retries.py,method,Retrying,__iter__,(self),314,done,spark-connect-core/src/retries.rs
sql/connect/client/retries.py,class,,RetryException,,331,done,spark-connect-core/src/retries.rs
sql/connect/client/retries.py,class,,DefaultPolicy,,338,done,spark-connect-core/src/retries.rs
sql/connect/client/retries.py,method,DefaultPolicy,__init__,"(self, max_retries, backoff_multiplier, initial_backoff, max_backoff, jitter, min_jitter_threshold, recognize_server_retry_delay, max_server_retry_delay)",345,done,spark-connect-core/src/retries.rs
sql/connect/client/retries.py,method,DefaultPolicy,can_retry,"(self, e)",367,done,spark-connect-core/src/retries.rs
sql/connect/client/retries.py,function,,extract_retry_info,(exception),409,done,spark-connect-core/src/retries.rs
sql/connect/client/retries.py,function,,extract_retry_delay,(exception),422,done,spark-connect-core/src/retries.rs
sql/connect/column.py,class,,Column,,109,verified,golden-verified
sql/connect/column.py,method,Column,__new__,"(cls, *args, **kwargs)",110,verified,golden-verified
sql/connect/column.py,method,Column,__getnewargs__,(self),113,verified,golden-verified
sql/connect/column.py,method,Column,__init__,"(self, expr)",116,verified,golden-verified
sql/connect/column.py,method,Column,__gt__,"(self, other)",128,verified,golden-verified
sql/connect/column.py,method,Column,__lt__,"(self, other)",133,verified,golden-verified
sql/connect/column.py,method,Column,__add__,"(self, other)",138,verified,golden-verified
sql/connect/column.py,method,Column,__sub__,"(self, other)",143,verified,golden-verified
sql/connect/column.py,method,Column,__mul__,"(self, other)",148,verified,golden-verified
sql/connect/column.py,method,Column,__div__,"(self, other)",153,verified,golden-verified
sql/connect/column.py,method,Column,__truediv__,"(self, other)",158,verified,golden-verified
sql/connect/column.py,method,Column,__mod__,"(self, other)",163,verified,golden-verified
sql/connect/column.py,method,Column,__radd__,"(self, other)",168,verified,golden-verified
sql/connect/column.py,method,Column,__rsub__,"(self, other)",173,verified,golden-verified
sql/connect/column.py,method,Column,__rmul__,"(self, other)",178,verified,golden-verified
sql/connect/column.py,method,Column,__rdiv__,"(self, other)",183,verified,golden-verified
sql/connect/column.py,method,Column,__rtruediv__,"(self, other)",188,verified,golden-verified
sql/connect/column.py,method,Column,__rmod__,"(self, other)",193,verified,golden-verified
sql/connect/column.py,method,Column,__pow__,"(self, other)",198,verified,golden-verified
sql/connect/column.py,method,Column,__rpow__,"(self, other)",203,verified,golden-verified
sql/connect/column.py,method,Column,__ge__,"(self, other)",208,verified,golden-verified
sql/connect/column.py,method,Column,__le__,"(self, other)",213,verified,golden-verified
sql/connect/column.py,method,Column,eqNullSafe,"(self, other)",218,verified,golden-verified
sql/connect/column.py,method,Column,__neg__,(self),223,verified,golden-verified
sql/connect/column.py,method,Column,__and__,"(self, other)",228,verified,golden-verified
sql/connect/column.py,method,Column,__or__,"(self, other)",233,verified,golden-verified
sql/connect/column.py,method,Column,__invert__,(self),238,verified,golden-verified
sql/connect/column.py,method,Column,__rand__,"(self, other)",241,verified,golden-verified
sql/connect/column.py,method,Column,__ror__,"(self, other)",246,verified,golden-verified
sql/connect/column.py,method,Column,__contains__,"(self, item)",252,verified,golden-verified
sql/connect/column.py,method,Column,bitwiseOR,"(self, other)",259,verified,golden-verified
sql/connect/column.py,method,Column,bitwiseAND,"(self, other)",264,verified,golden-verified
sql/connect/column.py,method,Column,bitwiseXOR,"(self, other)",269,verified,golden-verified
sql/connect/column.py,method,Column,isNull,(self),274,verified,golden-verified
sql/connect/column.py,method,Column,isNotNull,(self),277,verified,golden-verified
sql/connect/column.py,method,Column,isNaN,(self),280,verified,golden-verified
sql/connect/column.py,method,Column,__ne__,"(self, other)",283,verified,golden-verified
sql/connect/column.py,method,Column,contains,"(self, other)",290,verified,golden-verified
sql/connect/column.py,method,Column,startswith,"(self, other)",295,verified,golden-verified
sql/connect/column.py,method,Column,endswith,"(self, other)",300,verified,golden-verified
sql/connect/column.py,method,Column,when,"(self, condition, value)",305,verified,golden-verified
sql/connect/column.py,method,Column,otherwise,"(self, value)",335,verified,golden-verified
sql/connect/column.py,method,Column,like,"(self, other)",353,verified,golden-verified
sql/connect/column.py,method,Column,rlike,"(self, other)",356,verified,golden-verified
sql/connect/column.py,method,Column,ilike,"(self, other)",359,verified,golden-verified
sql/connect/column.py,method,Column,substr,"(self, startPos, length)",362,verified,golden-verified
sql/connect/column.py,method,Column,__eq__,"(self, other)",393,verified,golden-verified
sql/connect/column.py,method,Column,to_plan,"(self, session)",414,verified,golden-verified
sql/connect/column.py,method,Column,alias,"(self, *alias, **kwargs)",417,verified,golden-verified
sql/connect/column.py,method,Column,asc,(self),422,verified,golden-verified
sql/connect/column.py,method,Column,asc_nulls_first,(self),425,verified,golden-verified
sql/connect/column.py,method,Column,asc_nulls_last,(self),428,verified,golden-verified
sql/connect/column.py,method,Column,desc,(self),431,verified,golden-verified
sql/connect/column.py,method,Column,desc_nulls_first,(self),434,verified,golden-verified
sql/connect/column.py,method,Column,desc_nulls_last,(self),437,verified,golden-verified
sql/connect/column.py,method,Column,cast,"(self, dataType)",440,verified,golden-verified
sql/connect/column.py,method,Column,try_cast,"(self, dataType)",455,verified,golden-verified
sql/connect/column.py,method,Column,__repr__,(self),474,verified,golden-verified
sql/connect/column.py,method,Column,over,"(self, window)",477,verified,golden-verified
sql/connect/column.py,method,Column,transform,"(self, f)",492,verified,golden-verified
sql/connect/column.py,method,Column,outer,(self),495,verified,golden-verified
sql/connect/column.py,method,Column,isin,"(self, *cols)",498,verified,golden-verified
sql/connect/column.py,method,Column,between,"(self, lowerBound, upperBound)",518,verified,golden-verified
sql/connect/column.py,method,Column,getItem,"(self, key)",525,verified,golden-verified
sql/connect/column.py,method,Column,getField,"(self, name)",535,verified,golden-verified
sql/connect/column.py,method,Column,withField,"(self, fieldName, col)",545,verified,golden-verified
sql/connect/column.py,method,Column,dropFields,"(self, *fieldNames)",568,verified,golden-verified
sql/connect/column.py,method,Column,__getattr__,"(self, item)",596,verified,golden-verified
sql/connect/column.py,method,Column,__getitem__,"(self, k)",607,verified,golden-verified
sql/connect/column.py,method,Column,__iter__,(self),618,verified,golden-verified
sql/connect/column.py,method,Column,__nonzero__,(self),624,verified,golden-verified
sql/connect/conf.py,class,,RuntimeConf,,29,todo,
sql/connect/conf.py,method,RuntimeConf,__init__,"(self, client)",30,todo,
sql/connect/conf.py,method,RuntimeConf,set,"(self, key, value)",36,todo,
sql/connect/conf.py,method,RuntimeConf,get,"(self, key, default)",63,todo,
sql/connect/conf.py,method,RuntimeConf,getAll,(self),83,todo,
sql/connect/conf.py,method,RuntimeConf,unset,"(self, key)",95,todo,
sql/connect/conf.py,method,RuntimeConf,isModifiable,"(self, key)",104,todo,
sql/connect/context.py,class,,SQLContext,,54,todo,
sql/connect/context.py,method,SQLContext,__init__,"(self, sparkSession)",75,todo,
sql/connect/context.py,method,SQLContext,newSession,(self),113,todo,
sql/connect/context.py,method,SQLContext,setConf,"(self, key, value)",129,todo,
sql/connect/context.py,method,SQLContext,getConf,"(self, key, defaultValue)",136,todo,
sql/connect/context.py,method,SQLContext,udf,(self),150,todo,
sql/connect/context.py,method,SQLContext,udtf,(self),162,todo,
sql/connect/context.py,method,SQLContext,range,"(self, start, end, step, numPartitions)",173,todo,
sql/connect/context.py,method,SQLContext,registerFunction,"(self, name, f, returnType)",203,todo,
sql/connect/context.py,method,SQLContext,registerJavaFunction,"(self, name, javaClassName, returnType)",217,todo,
sql/connect/context.py,method,SQLContext,createDataFrame,"(self, data, schema, samplingRatio, verifySchema)",229,todo,
sql/connect/context.py,method,SQLContext,registerDataFrameAsTable,"(self, df, tableName)",261,todo,
sql/connect/context.py,method,SQLContext,dropTempTable,"(self, tableName)",270,todo,
sql/connect/context.py,method,SQLContext,createExternalTable,"(self, tableName, path, source, schema, **options)",277,todo,
sql/connect/context.py,method,SQLContext,sql,"(self, sqlQuery)",306,todo,
sql/connect/context.py,method,SQLContext,table,"(self, tableName)",317,todo,
sql/connect/context.py,method,SQLContext,tables,"(self, dbName)",328,todo,
sql/connect/context.py,method,SQLContext,tableNames,"(self, dbName)",366,todo,
sql/connect/context.py,method,SQLContext,cacheTable,"(self, tableName)",383,todo,
sql/connect/context.py,method,SQLContext,uncacheTable,"(self, tableName)",390,todo,
sql/connect/context.py,method,SQLContext,clearCache,(self),397,todo,
sql/connect/context.py,method,SQLContext,read,(self),405,todo,
sql/connect/context.py,method,SQLContext,readStream,(self),418,todo,
sql/connect/context.py,method,SQLContext,streams,(self),435,todo,
sql/connect/context.py,class,,HiveContext,,449,todo,
sql/connect/context.py,method,HiveContext,__init__,"(self, sparkSession)",460,todo,
sql/connect/conversion.py,function,,storage_level_to_proto,(storage_level),26,todo,
sql/connect/conversion.py,function,,proto_to_storage_level,(storage_level),37,todo,
sql/connect/conversion.py,function,,proto_to_remote_cached_dataframe,(relation),48,todo,
sql/connect/dataframe.py,class,,DataFrame,,113,todo,
sql/connect/dataframe.py,method,DataFrame,__new__,"(cls, *args, **kwargs)",114,todo,
sql/connect/dataframe.py,method,DataFrame,__init__,"(self, plan, session)",123,todo,
sql/connect/dataframe.py,method,DataFrame,__reduce__,(self),150,todo,
sql/connect/dataframe.py,method,DataFrame,__repr__,(self),172,todo,
sql/connect/dataframe.py,method,DataFrame,write,(self),279,todo,
sql/connect/dataframe.py,method,DataFrame,isEmpty,(self),286,verified,dataframe.rs (e2e-tested)
sql/connect/dataframe.py,method,DataFrame,select,"(self, *cols)",290,verified,dataframe.rs (e2e-tested)
sql/connect/dataframe.py,method,DataFrame,select,"(self, __cols)",293,verified,dataframe.rs (e2e-tested)
sql/connect/dataframe.py,method,DataFrame,select,"(self, *cols)",297,verified,dataframe.rs (e2e-tested)
sql/connect/dataframe.py,method,DataFrame,selectExpr,"(self, *expr)",303,verified,dataframe.rs (e2e-tested)
sql/connect/dataframe.py,method,DataFrame,agg,"(self, *exprs)",315,todo,
sql/connect/dataframe.py,method,DataFrame,alias,"(self, alias)",331,verified,dataframe.rs (e2e-tested)
sql/connect/dataframe.py,method,DataFrame,metadataColumn,"(self, colName)",336,todo,
sql/connect/dataframe.py,method,DataFrame,colRegex,"(self, colName)",348,todo,
sql/connect/dataframe.py,method,DataFrame,dtypes,(self),361,done,dataframe.rs
sql/connect/dataframe.py,method,DataFrame,columns,(self),365,verified,dataframe.rs (e2e-tested)
sql/connect/dataframe.py,method,DataFrame,sparkSession,(self),369,todo,
sql/connect/dataframe.py,method,DataFrame,count,(self),372,verified,dataframe.rs (e2e-tested)
sql/connect/dataframe.py,method,DataFrame,crossJoin,"(self, other)",376,verified,dataframe.rs (e2e-tested)
sql/connect/dataframe.py,method,DataFrame,zip,"(self, other)",383,todo,
sql/connect/dataframe.py,method,DataFrame,coalesce,"(self, numPartitions)",401,verified,dataframe.rs (e2e-tested)
sql/connect/dataframe.py,method,DataFrame,repartition,"(self, numPartitions, *cols)",414,verified,dataframe.rs (e2e-tested)
sql/connect/dataframe.py,method,DataFrame,repartitionByRange,"(self, numPartitions, *cols)",455,done,dataframe.rs
sql/connect/dataframe.py,method,DataFrame,repartitionById,"(self, numPartitions, partitionIdCol)",498,todo,
sql/connect/dataframe.py,method,DataFrame,dropDuplicates,"(self, subset)",529,verified,dataframe.rs (e2e-tested)
sql/connect/dataframe.py,method,DataFrame,dropDuplicatesWithinWatermark,"(self, subset)",564,done,dataframe.rs
sql/connect/dataframe.py,method,DataFrame,distinct,(self),596,verified,dataframe.rs (e2e-tested)
sql/connect/dataframe.py,method,DataFrame,drop,"(self, *cols)",603,verified,dataframe.rs (e2e-tested)
sql/connect/dataframe.py,method,DataFrame,filter,"(self, condition)",625,verified,dataframe.rs (e2e-tested)
sql/connect/dataframe.py,method,DataFrame,first,(self),634,verified,dataframe.rs (e2e-tested)
sql/connect/dataframe.py,method,DataFrame,groupBy,"(self, *cols)",638,verified,dataframe.rs (e2e-tested)
sql/connect/dataframe.py,method,DataFrame,groupBy,"(self, __cols)",641,verified,dataframe.rs (e2e-tested)
sql/connect/dataframe.py,method,DataFrame,groupBy,"(self, *cols)",643,verified,dataframe.rs (e2e-tested)
sql/connect/dataframe.py,method,DataFrame,rollup,"(self, *cols)",653,verified,dataframe.rs (e2e-tested)
sql/connect/dataframe.py,method,DataFrame,rollup,"(self, __cols)",656,verified,dataframe.rs (e2e-tested)
sql/connect/dataframe.py,method,DataFrame,rollup,"(self, *cols)",658,verified,dataframe.rs (e2e-tested)
sql/connect/dataframe.py,method,DataFrame,cube,"(self, *cols)",666,verified,dataframe.rs (e2e-tested)
sql/connect/dataframe.py,method,DataFrame,cube,"(self, __cols)",669,verified,dataframe.rs (e2e-tested)
sql/connect/dataframe.py,method,DataFrame,cube,"(self, *cols)",671,verified,dataframe.rs (e2e-tested)
sql/connect/dataframe.py,method,DataFrame,groupingSets,"(self, groupingSets, *cols)",678,todo,
sql/connect/dataframe.py,method,DataFrame,head,(self),695,verified,dataframe.rs (e2e-tested)
sql/connect/dataframe.py,method,DataFrame,head,"(self, n)",698,verified,dataframe.rs (e2e-tested)
sql/connect/dataframe.py,method,DataFrame,head,"(self, n)",700,verified,dataframe.rs (e2e-tested)
sql/connect/dataframe.py,method,DataFrame,take,"(self, num)",706,verified,dataframe.rs (e2e-tested)
sql/connect/dataframe.py,method,DataFrame,join,"(self, other, on, how)",709,verified,dataframe.rs (e2e-tested)
sql/connect/dataframe.py,method,DataFrame,lateralJoin,"(self, other, on, how)",723,todo,
sql/connect/dataframe.py,method,DataFrame,nearestByJoin,"(self, other, rankingExpression, numResults, mode, direction, *, joinType)",737,todo,
sql/connect/dataframe.py,method,DataFrame,limit,"(self, num)",802,verified,dataframe.rs (e2e-tested)
sql/connect/dataframe.py,method,DataFrame,tail,"(self, num)",807,verified,dataframe.rs (e2e-tested)
sql/connect/dataframe.py,method,DataFrame,sort,"(self, *cols, **kwargs)",810,verified,dataframe.rs (e2e-tested)
sql/connect/dataframe.py,method,DataFrame,sortWithinPartitions,"(self, *cols, **kwargs)",829,todo,
sql/connect/dataframe.py,method,DataFrame,sample,"(self, withReplacement, fraction, seed)",846,verified,dataframe.rs (e2e-tested)
sql/connect/dataframe.py,method,DataFrame,withColumnRenamed,"(self, existing, new)",866,verified,dataframe.rs (e2e-tested)
sql/connect/dataframe.py,method,DataFrame,withColumnsRenamed,"(self, colsMap)",869,verified,dataframe.rs (e2e-tested)
sql/connect/dataframe.py,method,DataFrame,withColumns,"(self, *colsMap)",931,verified,dataframe.rs (e2e-tested)
sql/connect/dataframe.py,method,DataFrame,withColumn,"(self, colName, col)",961,verified,dataframe.rs (e2e-tested)
sql/connect/dataframe.py,method,DataFrame,withMetadata,"(self, columnName, metadata)",980,todo,
sql/connect/dataframe.py,method,DataFrame,unpivot,"(self, ids, values, variableColumnName, valueColumnName)",1001,todo,
sql/connect/dataframe.py,method,DataFrame,withWatermark,"(self, eventTime, delayThreshold)",1033,done,dataframe.rs
sql/connect/dataframe.py,method,DataFrame,hint,"(self, name, *parameters)",1063,verified,dataframe.rs (e2e-tested)
sql/connect/dataframe.py,method,DataFrame,randomSplit,"(self, weights, seed)",1113,todo,
sql/connect/dataframe.py,method,DataFrame,observe,"(self, observation, *exprs)",1158,done,dataframe.rs
sql/connect/dataframe.py,method,DataFrame,show,"(self, n, truncate, vertical)",1200,verified,dataframe.rs (e2e-tested)
sql/connect/dataframe.py,method,DataFrame,union,"(self, other)",1210,verified,dataframe.rs (e2e-tested)
sql/connect/dataframe.py,method,DataFrame,unionAll,"(self, other)",1214,verified,dataframe.rs (e2e-tested)
sql/connect/dataframe.py,method,DataFrame,unionByName,"(self, other, allowMissingColumns)",1223,verified,dataframe.rs (e2e-tested)
sql/connect/dataframe.py,method,DataFrame,subtract,"(self, other)",1240,verified,dataframe.rs (e2e-tested)
sql/connect/dataframe.py,method,DataFrame,exceptAll,"(self, other)",1249,verified,dataframe.rs (e2e-tested)
sql/connect/dataframe.py,method,DataFrame,zipWithIndex,"(self, indexColName)",1258,todo,
sql/connect/dataframe.py,method,DataFrame,intersect,"(self, other)",1263,verified,dataframe.rs (e2e-tested)
sql/connect/dataframe.py,method,DataFrame,intersectAll,"(self, other)",1272,verified,dataframe.rs (e2e-tested)
sql/connect/dataframe.py,method,DataFrame,where,"(self, condition)",1281,verified,dataframe.rs (e2e-tested)
sql/connect/dataframe.py,method,DataFrame,na,(self),1294,todo,
sql/connect/dataframe.py,method,DataFrame,fillna,"(self, value, subset)",1297,todo,
sql/connect/dataframe.py,method,DataFrame,dropna,"(self, how, thresh, subset)",1374,todo,
sql/connect/dataframe.py,method,DataFrame,replace,"(self, to_replace, value, subset)",1447,todo,
sql/connect/dataframe.py,method,DataFrame,stat,(self),1584,done,dataframe.rs
sql/connect/dataframe.py,method,DataFrame,summary,"(self, *statistics)",1587,verified,dataframe.rs (e2e-tested)
sql/connect/dataframe.py,method,DataFrame,describe,"(self, *cols)",1604,verified,dataframe.rs (e2e-tested)
sql/connect/dataframe.py,method,DataFrame,cov,"(self, col1, col2)",1619,done,dataframe.rs
sql/connect/dataframe.py,method,DataFrame,corr,"(self, col1, col2, method)",1644,done,dataframe.rs
sql/connect/dataframe.py,method,DataFrame,approxQuantile,"(self, col, probabilities, relativeError)",1676,done,dataframe.rs
sql/connect/dataframe.py,method,DataFrame,crosstab,"(self, col1, col2)",1763,done,dataframe.rs
sql/connect/dataframe.py,method,DataFrame,freqItems,"(self, cols, support)",1787,done,dataframe.rs
sql/connect/dataframe.py,method,DataFrame,sampleBy,"(self, col, fractions, seed)",1808,done,dataframe.rs
sql/connect/dataframe.py,method,DataFrame,__getattr__,"(self, name)",1871,todo,
sql/connect/dataframe.py,method,DataFrame,__getitem__,"(self, item)",1895,todo,
sql/connect/dataframe.py,method,DataFrame,__getitem__,"(self, item)",1898,todo,
sql/connect/dataframe.py,method,DataFrame,__getitem__,"(self, item)",1900,todo,
sql/connect/dataframe.py,method,DataFrame,__dir__,(self),1956,todo,
sql/connect/dataframe.py,method,DataFrame,collect,(self),1961,verified,dataframe.rs (e2e-tested)
sql/connect/dataframe.py,method,DataFrame,toArrow,(self),1988,todo,
sql/connect/dataframe.py,method,DataFrame,toPandas,(self),1997,todo,
sql/connect/dataframe.py,method,DataFrame,transpose,"(self, indexColumn)",2006,todo,
sql/connect/dataframe.py,method,DataFrame,asTable,(self),2012,todo,
sql/connect/dataframe.py,method,DataFrame,scalar,(self),2017,todo,
sql/connect/dataframe.py,method,DataFrame,exists,(self),2020,todo,
sql/connect/dataframe.py,method,DataFrame,schema,(self),2041,verified,dataframe.rs (e2e-tested)
sql/connect/dataframe.py,method,DataFrame,isLocal,(self),2053,todo,
sql/connect/dataframe.py,method,DataFrame,isStreaming,(self),2060,todo,
sql/connect/dataframe.py,method,DataFrame,printSchema,"(self, level)",2066,done,dataframe.rs
sql/connect/dataframe.py,method,DataFrame,inputFiles,(self),2073,done,dataframe.rs
sql/connect/dataframe.py,method,DataFrame,to,"(self, schema)",2079,done,dataframe.rs
sql/connect/dataframe.py,method,DataFrame,toDF,"(self, *cols)",2088,verified,dataframe.rs (e2e-tested)
sql/connect/dataframe.py,method,DataFrame,transform,"(self, func, *args, **kwargs)",2101,todo,
sql/connect/dataframe.py,method,DataFrame,explain,"(self, extended, mode)",2159,done,dataframe.rs
sql/connect/dataframe.py,method,DataFrame,createTempView,"(self, name)",2164,done,dataframe.rs
sql/connect/dataframe.py,method,DataFrame,createOrReplaceTempView,"(self, name)",2171,done,dataframe.rs
sql/connect/dataframe.py,method,DataFrame,createGlobalTempView,"(self, name)",2178,done,dataframe.rs
sql/connect/dataframe.py,method,DataFrame,createOrReplaceGlobalTempView,"(self, name)",2185,done,dataframe.rs
sql/connect/dataframe.py,method,DataFrame,cache,(self),2192,done,dataframe.rs
sql/connect/dataframe.py,method,DataFrame,persist,"(self, storageLevel)",2195,done,dataframe.rs
sql/connect/dataframe.py,method,DataFrame,storageLevel,(self),2206,todo,
sql/connect/dataframe.py,method,DataFrame,unpersist,"(self, blocking)",2214,done,dataframe.rs
sql/connect/dataframe.py,method,DataFrame,is_cached,(self),2220,todo,
sql/connect/dataframe.py,method,DataFrame,toLocalIterator,"(self, prefetchPartitions)",2223,todo,
sql/connect/dataframe.py,method,DataFrame,pandas_api,"(self, index_col)",2243,todo,
sql/connect/dataframe.py,method,DataFrame,registerTempTable,"(self, name)",2258,todo,
sql/connect/dataframe.py,method,DataFrame,mapInPandas,"(self, func, schema, barrier, profile)",2295,todo,
sql/connect/dataframe.py,method,DataFrame,mapInArrow,"(self, func, schema, barrier, profile)",2306,todo,
sql/connect/dataframe.py,method,DataFrame,foreach,"(self, f)",2317,todo,
sql/connect/dataframe.py,method,DataFrame,foreachPartition,"(self, f)",2325,todo,
sql/connect/dataframe.py,method,DataFrame,writeStream,(self),2354,todo,
sql/connect/dataframe.py,method,DataFrame,sameSemantics,"(self, other)",2357,todo,
sql/connect/dataframe.py,method,DataFrame,semanticHash,(self),2374,todo,
sql/connect/dataframe.py,method,DataFrame,writeTo,"(self, table)",2379,todo,
sql/connect/dataframe.py,method,DataFrame,mergeInto,"(self, table, condition)",2385,todo,
sql/connect/dataframe.py,method,DataFrame,offset,"(self, num)",2397,verified,dataframe.rs (e2e-tested)
sql/connect/dataframe.py,method,DataFrame,checkpoint,"(self, eager)",2400,done,dataframe.rs
sql/connect/dataframe.py,method,DataFrame,localCheckpoint,"(self, eager, storageLevel)",2410,done,dataframe.rs
sql/connect/dataframe.py,method,DataFrame,toJSON,(self),2422,todo,
sql/connect/dataframe.py,method,DataFrame,executionInfo,(self),2435,todo,
sql/connect/dataframe.py,method,DataFrame,plot,(self),2439,todo,
sql/connect/dataframe.py,class,,DataFrameNaFunctions,,2445,todo,
sql/connect/dataframe.py,method,DataFrameNaFunctions,__init__,"(self, df)",2446,todo,
sql/connect/dataframe.py,method,DataFrameNaFunctions,fill,"(self, value, subset)",2449,todo,
sql/connect/dataframe.py,method,DataFrameNaFunctions,drop,"(self, how, thresh, subset)",2456,verified,dataframe.rs (e2e-tested)
sql/connect/dataframe.py,method,DataFrameNaFunctions,replace,"(self, to_replace, value, subset)",2464,todo,
sql/connect/dataframe.py,class,,DataFrameStatFunctions,,2475,todo,
sql/connect/dataframe.py,method,DataFrameStatFunctions,__init__,"(self, df)",2476,todo,
sql/connect/dataframe.py,method,DataFrameStatFunctions,cov,"(self, col1, col2)",2479,done,dataframe.rs
sql/connect/dataframe.py,method,DataFrameStatFunctions,corr,"(self, col1, col2, method)",2482,done,dataframe.rs
sql/connect/dataframe.py,method,DataFrameStatFunctions,approxQuantile,"(self, col, probabilities, relativeError)",2485,done,dataframe.rs
sql/connect/dataframe.py,method,DataFrameStatFunctions,crosstab,"(self, col1, col2)",2493,done,dataframe.rs
sql/connect/dataframe.py,method,DataFrameStatFunctions,freqItems,"(self, cols, support)",2496,done,dataframe.rs
sql/connect/dataframe.py,method,DataFrameStatFunctions,sampleBy,"(self, col, fractions, seed)",2501,done,dataframe.rs
sql/connect/datasource.py,class,,DataSourceRegistration,,26,todo,
sql/connect/datasource.py,method,DataSourceRegistration,__init__,"(self, sparkSession)",33,todo,
sql/connect/datasource.py,method,DataSourceRegistration,register,"(self, dataSource)",36,todo,
sql/connect/expressions.py,class,,Expression,,88,verified,golden-verified
sql/connect/expressions.py,method,Expression,__init__,(self),93,verified,golden-verified
sql/connect/expressions.py,method,Expression,to_plan,"(self, session)",105,verified,golden-verified
sql/connect/expressions.py,method,Expression,__repr__,(self),109,verified,golden-verified
sql/connect/expressions.py,method,Expression,alias,"(self, *alias, **kwargs)",112,verified,golden-verified
sql/connect/expressions.py,method,Expression,name,(self),122,verified,golden-verified
sql/connect/expressions.py,method,Expression,children,(self),132,verified,golden-verified
sql/connect/expressions.py,method,Expression,foreach,"(self, f)",135,verified,golden-verified
sql/connect/expressions.py,class,,CaseWhen,,141,verified,golden-verified
sql/connect/expressions.py,method,CaseWhen,__init__,"(self, branches, else_value)",142,verified,golden-verified
sql/connect/expressions.py,method,CaseWhen,to_plan,"(self, session)",161,verified,golden-verified
sql/connect/expressions.py,method,CaseWhen,children,(self),175,verified,golden-verified
sql/connect/expressions.py,method,CaseWhen,__repr__,(self),184,verified,golden-verified
sql/connect/expressions.py,class,,ColumnAlias,,190,verified,golden-verified
sql/connect/expressions.py,method,ColumnAlias,__init__,"(self, child, alias, metadata)",191,verified,golden-verified
sql/connect/expressions.py,method,ColumnAlias,to_plan,"(self, session)",198,verified,golden-verified
sql/connect/expressions.py,method,ColumnAlias,children,(self),219,verified,golden-verified
sql/connect/expressions.py,method,ColumnAlias,__repr__,(self),222,verified,golden-verified
sql/connect/expressions.py,class,,LiteralExpression,,226,verified,golden-verified
sql/connect/expressions.py,method,LiteralExpression,__init__,"(self, value, dataType)",232,verified,golden-verified
sql/connect/expressions.py,method,LiteralExpression,to_plan,"(self, session)",468,verified,golden-verified
sql/connect/expressions.py,method,LiteralExpression,__repr__,(self),523,verified,golden-verified
sql/connect/expressions.py,class,,ColumnReference,,556,verified,golden-verified
sql/connect/expressions.py,method,ColumnReference,__init__,"(self, unparsed_identifier, plan_id, is_metadata_column)",562,verified,golden-verified
sql/connect/expressions.py,method,ColumnReference,name,(self),577,verified,golden-verified
sql/connect/expressions.py,method,ColumnReference,to_plan,"(self, session)",581,verified,golden-verified
sql/connect/expressions.py,method,ColumnReference,__repr__,(self),590,verified,golden-verified
sql/connect/expressions.py,method,ColumnReference,__eq__,"(self, other)",593,verified,golden-verified
sql/connect/expressions.py,class,,UnresolvedStar,,601,verified,golden-verified
sql/connect/expressions.py,method,UnresolvedStar,__init__,"(self, unparsed_target, plan_id)",602,verified,golden-verified
sql/connect/expressions.py,method,UnresolvedStar,to_plan,"(self, session)",612,verified,golden-verified
sql/connect/expressions.py,method,UnresolvedStar,__repr__,(self),621,verified,golden-verified
sql/connect/expressions.py,method,UnresolvedStar,__eq__,"(self, other)",627,verified,golden-verified
sql/connect/expressions.py,class,,SQLExpression,,635,verified,golden-verified
sql/connect/expressions.py,method,SQLExpression,__init__,"(self, expr)",640,verified,golden-verified
sql/connect/expressions.py,method,SQLExpression,to_plan,"(self, session)",645,verified,golden-verified
sql/connect/expressions.py,method,SQLExpression,__eq__,"(self, other)",651,verified,golden-verified
sql/connect/expressions.py,method,SQLExpression,__repr__,(self),654,verified,golden-verified
sql/connect/expressions.py,class,,SortOrder,,658,verified,golden-verified
sql/connect/expressions.py,method,SortOrder,__init__,"(self, child, ascending, nullsFirst)",659,verified,golden-verified
sql/connect/expressions.py,method,SortOrder,__repr__,(self),665,verified,golden-verified
sql/connect/expressions.py,method,SortOrder,to_plan,"(self, session)",672,verified,golden-verified
sql/connect/expressions.py,method,SortOrder,children,(self),693,verified,golden-verified
sql/connect/expressions.py,class,,UnresolvedFunction,,697,verified,golden-verified
sql/connect/expressions.py,method,UnresolvedFunction,__init__,"(self, name, args, is_distinct)",698,verified,golden-verified
sql/connect/expressions.py,method,UnresolvedFunction,to_plan,"(self, session)",715,verified,golden-verified
sql/connect/expressions.py,method,UnresolvedFunction,children,(self),724,verified,golden-verified
sql/connect/expressions.py,method,UnresolvedFunction,__repr__,(self),727,verified,golden-verified
sql/connect/expressions.py,class,,PythonUDF,,735,verified,golden-verified
sql/connect/expressions.py,method,PythonUDF,__init__,"(self, output_type, eval_type, func, python_ver)",738,verified,golden-verified
sql/connect/expressions.py,method,PythonUDF,to_plan,"(self, session)",752,verified,golden-verified
sql/connect/expressions.py,method,PythonUDF,__repr__,(self),768,verified,golden-verified
sql/connect/expressions.py,class,,JavaUDF,,772,verified,golden-verified
sql/connect/expressions.py,method,JavaUDF,__init__,"(self, class_name, output_type, aggregate)",775,verified,golden-verified
sql/connect/expressions.py,method,JavaUDF,to_plan,"(self, session)",787,verified,golden-verified
sql/connect/expressions.py,method,JavaUDF,__repr__,(self),795,verified,golden-verified
sql/connect/expressions.py,class,,CommonInlineUserDefinedFunction,,799,verified,golden-verified
sql/connect/expressions.py,method,CommonInlineUserDefinedFunction,__init__,"(self, function_name, function, deterministic, arguments)",803,verified,golden-verified
sql/connect/expressions.py,method,CommonInlineUserDefinedFunction,to_plan,"(self, session)",816,verified,golden-verified
sql/connect/expressions.py,method,CommonInlineUserDefinedFunction,to_plan_udf,"(self, session)",829,verified,golden-verified
sql/connect/expressions.py,method,CommonInlineUserDefinedFunction,to_plan_judf,"(self, session)",840,verified,golden-verified
sql/connect/expressions.py,method,CommonInlineUserDefinedFunction,children,(self),849,verified,golden-verified
sql/connect/expressions.py,method,CommonInlineUserDefinedFunction,__repr__,(self),852,verified,golden-verified
sql/connect/expressions.py,class,,WithField,,856,verified,golden-verified
sql/connect/expressions.py,method,WithField,__init__,"(self, structExpr, fieldName, valueExpr)",857,verified,golden-verified
sql/connect/expressions.py,method,WithField,to_plan,"(self, session)",874,verified,golden-verified
sql/connect/expressions.py,method,WithField,children,(self),882,verified,golden-verified
sql/connect/expressions.py,method,WithField,__repr__,(self),885,verified,golden-verified
sql/connect/expressions.py,class,,DropField,,889,verified,golden-verified
sql/connect/expressions.py,method,DropField,__init__,"(self, structExpr, fieldName)",890,verified,golden-verified
sql/connect/expressions.py,method,DropField,to_plan,"(self, session)",903,verified,golden-verified
sql/connect/expressions.py,method,DropField,children,(self),910,verified,golden-verified
sql/connect/expressions.py,method,DropField,__repr__,(self),913,verified,golden-verified
sql/connect/expressions.py,class,,UnresolvedExtractValue,,917,verified,golden-verified
sql/connect/expressions.py,method,UnresolvedExtractValue,__init__,"(self, child, extraction)",918,verified,golden-verified
sql/connect/expressions.py,method,UnresolvedExtractValue,to_plan,"(self, session)",931,verified,golden-verified
sql/connect/expressions.py,method,UnresolvedExtractValue,children,(self),938,verified,golden-verified
sql/connect/expressions.py,method,UnresolvedExtractValue,__repr__,(self),941,verified,golden-verified
sql/connect/expressions.py,class,,UnresolvedRegex,,945,verified,golden-verified
sql/connect/expressions.py,method,UnresolvedRegex,__init__,"(self, col_name, plan_id)",946,verified,golden-verified
sql/connect/expressions.py,method,UnresolvedRegex,to_plan,"(self, session)",955,verified,golden-verified
sql/connect/expressions.py,method,UnresolvedRegex,__repr__,(self),962,verified,golden-verified
sql/connect/expressions.py,class,,CastExpression,,966,verified,golden-verified
sql/connect/expressions.py,method,CastExpression,__init__,"(self, expr, data_type, eval_mode)",967,verified,golden-verified
sql/connect/expressions.py,method,CastExpression,to_plan,"(self, session)",982,verified,golden-verified
sql/connect/expressions.py,method,CastExpression,children,(self),1001,verified,golden-verified
sql/connect/expressions.py,method,CastExpression,__repr__,(self),1004,verified,golden-verified
sql/connect/expressions.py,class,,UnresolvedNamedLambdaVariable,,1019,verified,golden-verified
sql/connect/expressions.py,method,UnresolvedNamedLambdaVariable,__init__,"(self, name_parts)",1023,verified,golden-verified
sql/connect/expressions.py,method,UnresolvedNamedLambdaVariable,to_plan,"(self, session)",1037,verified,golden-verified
sql/connect/expressions.py,method,UnresolvedNamedLambdaVariable,__repr__,(self),1042,verified,golden-verified
sql/connect/expressions.py,method,UnresolvedNamedLambdaVariable,fresh_var_name,(name),1046,verified,golden-verified
sql/connect/expressions.py,class,,LambdaFunction,,1060,verified,golden-verified
sql/connect/expressions.py,method,LambdaFunction,__init__,"(self, function, arguments)",1061,verified,golden-verified
sql/connect/expressions.py,method,LambdaFunction,to_plan,"(self, session)",1079,verified,golden-verified
sql/connect/expressions.py,method,LambdaFunction,children,(self),1088,verified,golden-verified
sql/connect/expressions.py,method,LambdaFunction,__repr__,(self),1091,verified,golden-verified
sql/connect/expressions.py,class,,WindowExpression,,1098,verified,golden-verified
sql/connect/expressions.py,method,WindowExpression,__init__,"(self, windowFunction, windowSpec)",1099,verified,golden-verified
sql/connect/expressions.py,method,WindowExpression,to_plan,"(self, session)",1116,verified,golden-verified
sql/connect/expressions.py,method,WindowExpression,children,(self),1201,verified,golden-verified
sql/connect/expressions.py,method,WindowExpression,__repr__,(self),1206,verified,golden-verified
sql/connect/expressions.py,class,,DistributedSequenceID,,1210,verified,golden-verified
sql/connect/expressions.py,method,DistributedSequenceID,to_plan,"(self, session)",1211,verified,golden-verified
sql/connect/expressions.py,method,DistributedSequenceID,__repr__,(self),1215,verified,golden-verified
sql/connect/expressions.py,class,,CallFunction,,1219,verified,golden-verified
sql/connect/expressions.py,method,CallFunction,__init__,"(self, name, args)",1220,verified,golden-verified
sql/connect/expressions.py,method,CallFunction,to_plan,"(self, session)",1229,verified,golden-verified
sql/connect/expressions.py,method,CallFunction,children,(self),1237,verified,golden-verified
sql/connect/expressions.py,method,CallFunction,__repr__,(self),1240,verified,golden-verified
sql/connect/expressions.py,class,,NamedArgumentExpression,,1247,verified,golden-verified
sql/connect/expressions.py,method,NamedArgumentExpression,__init__,"(self, key, value)",1248,verified,golden-verified
sql/connect/expressions.py,method,NamedArgumentExpression,to_plan,"(self, session)",1257,verified,golden-verified
sql/connect/expressions.py,method,NamedArgumentExpression,children,(self),1264,verified,golden-verified
sql/connect/expressions.py,method,NamedArgumentExpression,__repr__,(self),1267,verified,golden-verified
sql/connect/expressions.py,class,,SubqueryExpression,,1271,verified,golden-verified
sql/connect/expressions.py,method,SubqueryExpression,__init__,"(self, plan, subquery_type, partition_spec, order_spec, with_single_partition, in_subquery_values)",1272,verified,golden-verified
sql/connect/expressions.py,method,SubqueryExpression,to_plan,"(self, session)",1292,verified,golden-verified
sql/connect/expressions.py,method,SubqueryExpression,__repr__,(self),1324,verified,golden-verified
sql/connect/expressions.py,class,,DirectShufflePartitionID,,1340,verified,golden-verified
sql/connect/expressions.py,method,DirectShufflePartitionID,__init__,"(self, child)",1347,verified,golden-verified
sql/connect/expressions.py,method,DirectShufflePartitionID,to_plan,"(self, session)",1352,verified,golden-verified
sql/connect/expressions.py,method,DirectShufflePartitionID,__repr__,(self),1357,verified,golden-verified
sql/connect/functions/builtin.py,function,,col,(col),250,verified,functions.rs golden-verified
sql/connect/functions/builtin.py,function,,lit,(col),267,verified,functions.rs golden-verified
sql/connect/functions/builtin.py,function,,bitwiseNOT,(col),292,verified,functions.rs golden-verified
sql/connect/functions/builtin.py,function,,bitwise_not,(col),300,verified,functions.rs golden-verified
sql/connect/functions/builtin.py,function,,bit_count,(col),307,verified,functions.rs golden-verified
sql/connect/functions/builtin.py,function,,bit_get,"(col, pos)",314,verified,functions.rs golden-verified
sql/connect/functions/builtin.py,function,,getbit,"(col, pos)",321,verified,functions.rs golden-verified
sql/connect/functions/builtin.py,function,,broadcast,(df),328,todo,
sql/connect/functions/builtin.py,function,,coalesce,(*cols),346,verified,functions.rs golden-verified
sql/connect/functions/builtin.py,function,,expr,(str),353,verified,functions.rs golden-verified
sql/connect/functions/builtin.py,function,,greatest,(*cols),362,verified,functions.rs golden-verified
sql/connect/functions/builtin.py,function,,input_file_name,(),374,verified,functions.rs golden-verified
sql/connect/functions/builtin.py,function,,least,(*cols),381,verified,functions.rs golden-verified
sql/connect/functions/builtin.py,function,,isnan,(col),393,verified,functions.rs golden-verified
sql/connect/functions/builtin.py,function,,isnull,(col),400,verified,functions.rs golden-verified
sql/connect/functions/builtin.py,function,,monotonically_increasing_id,(),407,verified,functions.rs golden-verified
sql/connect/functions/builtin.py,function,,nanvl,"(col1, col2)",414,verified,functions.rs golden-verified
sql/connect/functions/builtin.py,function,,rand,(seed),421,verified,functions.rs golden-verified
sql/connect/functions/builtin.py,function,,randn,(seed),434,verified,functions.rs golden-verified
sql/connect/functions/builtin.py,function,,spark_partition_id,(),444,verified,functions.rs golden-verified
sql/connect/functions/builtin.py,function,,when,"(condition, value)",451,verified,functions.rs golden-verified
sql/connect/functions/builtin.py,function,,asc,(col),482,verified,functions.rs golden-verified
sql/connect/functions/builtin.py,function,,asc_nulls_first,(col),489,verified,functions.rs golden-verified
sql/connect/functions/builtin.py,function,,asc_nulls_last,(col),496,verified,functions.rs golden-verified
sql/connect/functions/builtin.py,function,,desc,(col),503,verified,functions.rs golden-verified
sql/connect/functions/builtin.py,function,,desc_nulls_first,(col),510,verified,functions.rs golden-verified
sql/connect/functions/builtin.py,function,,desc_nulls_last,(col),517,verified,functions.rs golden-verified
sql/connect/functions/builtin.py,function,,abs,(col),527,verified,functions.rs golden-verified
sql/connect/functions/builtin.py,function,,acos,(col),534,verified,functions.rs golden-verified
sql/connect/functions/builtin.py,function,,acosh,(col),541,verified,functions.rs golden-verified
sql/connect/functions/builtin.py,function,,asin,(col),548,verified,functions.rs golden-verified
sql/connect/functions/builtin.py,function,,asinh,(col),555,verified,functions.rs golden-verified
sql/connect/functions/builtin.py,function,,atan,(col),562,verified,functions.rs golden-verified
sql/connect/functions/builtin.py,function,,atan2,"(col1, col2)",569,verified,functions.rs golden-verified
sql/connect/functions/builtin.py,function,,atanh,(col),576,verified,functions.rs golden-verified
sql/connect/functions/builtin.py,function,,bin,(col),583,verified,functions.rs golden-verified
sql/connect/functions/builtin.py,function,,bround,"(col, scale)",590,verified,functions.rs golden-verified
sql/connect/functions/builtin.py,function,,cbrt,(col),602,verified,functions.rs golden-verified
sql/connect/functions/builtin.py,function,,ceil,"(col, scale)",609,verified,functions.rs golden-verified
sql/connect/functions/builtin.py,function,,ceiling,"(col, scale)",621,verified,functions.rs golden-verified
sql/connect/functions/builtin.py,function,,conv,"(col, fromBase, toBase)",633,verified,functions.rs golden-verified
sql/connect/functions/builtin.py,function,,cos,(col),640,verified,functions.rs golden-verified
sql/connect/functions/builtin.py,function,,cosh,(col),647,verified,functions.rs golden-verified
sql/connect/functions/builtin.py,function,,cot,(col),654,verified,functions.rs golden-verified
sql/connect/functions/builtin.py,function,,csc,(col),661,verified,functions.rs golden-verified
sql/connect/functions/builtin.py,function,,degrees,(col),668,verified,functions.rs golden-verified
sql/connect/functions/builtin.py,function,,e,(),675,verified,functions.rs golden-verified
sql/connect/functions/builtin.py,function,,exp,(col),682,verified,functions.rs golden-verified
sql/connect/functions/builtin.py,function,,expm1,(col),689,verified,functions.rs golden-verified
sql/connect/functions/builtin.py,function,,factorial,(col),696,verified,functions.rs golden-verified
sql/connect/functions/builtin.py,function,,floor,"(col, scale)",703,verified,functions.rs golden-verified
sql/connect/functions/builtin.py,function,,hex,(col),715,verified,functions.rs golden-verified
sql/connect/functions/builtin.py,function,,hypot,"(col1, col2)",722,verified,functions.rs golden-verified
sql/connect/functions/builtin.py,function,,log,"(arg1, arg2)",729,verified,functions.rs golden-verified
sql/connect/functions/builtin.py,function,,log10,(col),741,verified,functions.rs golden-verified
sql/connect/functions/builtin.py,function,,log1p,(col),748,verified,functions.rs golden-verified
sql/connect/functions/builtin.py,function,,ln,(col),755,verified,functions.rs golden-verified
sql/connect/functions/builtin.py,function,,log2,(col),762,verified,functions.rs golden-verified
sql/connect/functions/builtin.py,function,,negative,(col),769,verified,functions.rs golden-verified
sql/connect/functions/builtin.py,function,,pi,(),779,verified,functions.rs golden-verified
sql/connect/functions/builtin.py,function,,positive,(col),786,verified,functions.rs golden-verified
sql/connect/functions/builtin.py,function,,pmod,"(dividend, divisor)",793,verified,functions.rs golden-verified
sql/connect/functions/builtin.py,function,,width_bucket,"(v, min, max, numBucket)",800,verified,functions.rs golden-verified
sql/connect/functions/builtin.py,function,,pow,"(col1, col2)",814,verified,functions.rs golden-verified
sql/connect/functions/builtin.py,function,,radians,(col),824,verified,functions.rs golden-verified
sql/connect/functions/builtin.py,function,,rint,(col),831,verified,functions.rs golden-verified
sql/connect/functions/builtin.py,function,,round,"(col, scale)",838,verified,functions.rs golden-verified
sql/connect/functions/builtin.py,function,,sec,(col),850,verified,functions.rs golden-verified
sql/connect/functions/builtin.py,function,,shiftLeft,"(col, numBits)",857,verified,functions.rs golden-verified
sql/connect/functions/builtin.py,function,,shiftleft,"(col, numBits)",865,verified,functions.rs golden-verified
sql/connect/functions/builtin.py,function,,shiftRight,"(col, numBits)",872,verified,functions.rs golden-verified
sql/connect/functions/builtin.py,function,,shiftright,"(col, numBits)",880,verified,functions.rs golden-verified
sql/connect/functions/builtin.py,function,,shiftRightUnsigned,"(col, numBits)",887,verified,functions.rs golden-verified
sql/connect/functions/builtin.py,function,,shiftrightunsigned,"(col, numBits)",895,verified,functions.rs golden-verified
sql/connect/functions/builtin.py,function,,signum,(col),902,verified,functions.rs golden-verified
sql/connect/functions/builtin.py,function,,sign,(col),909,verified,functions.rs golden-verified
sql/connect/functions/builtin.py,function,,sin,(col),916,verified,functions.rs golden-verified
sql/connect/functions/builtin.py,function,,sinh,(col),923,verified,functions.rs golden-verified
sql/connect/functions/builtin.py,function,,sqrt,(col),930,verified,functions.rs golden-verified
sql/connect/functions/builtin.py,function,,try_add,"(left, right)",937,verified,functions.rs golden-verified
sql/connect/functions/builtin.py,function,,try_avg,(col),944,verified,functions.rs golden-verified
sql/connect/functions/builtin.py,function,,try_divide,"(left, right)",951,verified,functions.rs golden-verified
sql/connect/functions/builtin.py,function,,try_mod,"(left, right)",958,verified,functions.rs golden-verified
sql/connect/functions/builtin.py,function,,try_multiply,"(left, right)",965,verified,functions.rs golden-verified
sql/connect/functions/builtin.py,function,,try_subtract,"(left, right)",972,verified,functions.rs golden-verified
sql/connect/functions/builtin.py,function,,try_sum,(col),979,verified,functions.rs golden-verified
sql/connect/functions/builtin.py,function,,tan,(col),986,verified,functions.rs golden-verified
sql/connect/functions/builtin.py,function,,tanh,(col),993,verified,functions.rs golden-verified
sql/connect/functions/builtin.py,function,,toDegrees,(col),1000,verified,functions.rs golden-verified
sql/connect/functions/builtin.py,function,,toRadians,(col),1008,verified,functions.rs golden-verified
sql/connect/functions/builtin.py,function,,unhex,(col),1016,verified,functions.rs golden-verified
sql/connect/functions/builtin.py,function,,uniform,"(min, max, seed)",1023,verified,functions.rs golden-verified
sql/connect/functions/builtin.py,function,,approxCountDistinct,"(col, rsd)",1039,verified,functions.rs golden-verified
sql/connect/functions/builtin.py,function,,approx_count_distinct,"(col, rsd)",1047,verified,functions.rs golden-verified
sql/connect/functions/builtin.py,function,,avg,(col),1057,verified,functions.rs golden-verified
sql/connect/functions/builtin.py,function,,collect_list,(col),1064,verified,functions.rs golden-verified
sql/connect/functions/builtin.py,function,,array_agg,(col),1071,verified,functions.rs golden-verified
sql/connect/functions/builtin.py,function,,collect_set,(col),1078,verified,functions.rs golden-verified
sql/connect/functions/builtin.py,function,,listagg,"(col, delimiter)",1085,verified,functions.rs golden-verified
sql/connect/functions/builtin.py,function,,listagg_distinct,"(col, delimiter)",1095,verified,functions.rs golden-verified
sql/connect/functions/builtin.py,function,,string_agg,"(col, delimiter)",1113,verified,functions.rs golden-verified
sql/connect/functions/builtin.py,function,,string_agg_distinct,"(col, delimiter)",1125,verified,functions.rs golden-verified
sql/connect/functions/builtin.py,function,,corr,"(col1, col2)",1143,verified,functions.rs golden-verified
sql/connect/functions/builtin.py,function,,count,(col),1150,verified,functions.rs golden-verified
sql/connect/functions/builtin.py,function,,countDistinct,"(col, *cols)",1159,verified,functions.rs golden-verified
sql/connect/functions/builtin.py,function,,count_distinct,"(col, *cols)",1166,verified,functions.rs golden-verified
sql/connect/functions/builtin.py,function,,covar_pop,"(col1, col2)",1178,verified,functions.rs golden-verified
sql/connect/functions/builtin.py,function,,covar_samp,"(col1, col2)",1185,verified,functions.rs golden-verified
sql/connect/functions/builtin.py,function,,first,"(col, ignorenulls)",1192,verified,functions.rs golden-verified
sql/connect/functions/builtin.py,function,,grouping,(col),1199,verified,functions.rs golden-verified
sql/connect/functions/builtin.py,function,,grouping_id,(*cols),1206,verified,functions.rs golden-verified
sql/connect/functions/builtin.py,function,,count_min_sketch,"(col, eps, confidence, seed)",1213,verified,functions.rs golden-verified
sql/connect/functions/builtin.py,function,,kurtosis,(col),1226,verified,functions.rs golden-verified
sql/connect/functions/builtin.py,function,,last,"(col, ignorenulls)",1233,verified,functions.rs golden-verified
sql/connect/functions/builtin.py,function,,max,(col),1240,verified,functions.rs golden-verified
sql/connect/functions/builtin.py,function,,max_by,"(col, ord, k)",1247,verified,functions.rs golden-verified
sql/connect/functions/builtin.py,function,,mean,(col),1256,verified,functions.rs golden-verified
sql/connect/functions/builtin.py,function,,median,(col),1263,verified,functions.rs golden-verified
sql/connect/functions/builtin.py,function,,min,(col),1270,verified,functions.rs golden-verified
sql/connect/functions/builtin.py,function,,min_by,"(col, ord, k)",1277,verified,functions.rs golden-verified
sql/connect/functions/builtin.py,function,,mode,"(col, deterministic)",1286,verified,functions.rs golden-verified
sql/connect/functions/builtin.py,function,,percentile,"(col, percentage, frequency)",1293,verified,functions.rs golden-verified
sql/connect/functions/builtin.py,function,,percentile_approx,"(col, percentage, accuracy)",1315,verified,functions.rs golden-verified
sql/connect/functions/builtin.py,function,,approx_percentile,"(col, percentage, accuracy)",1327,verified,functions.rs golden-verified
sql/connect/functions/builtin.py,function,,product,(col),1339,verified,functions.rs golden-verified
sql/connect/functions/builtin.py,function,,skewness,(col),1346,verified,functions.rs golden-verified
sql/connect/functions/builtin.py,function,,stddev,(col),1353,verified,functions.rs golden-verified
sql/connect/functions/builtin.py,function,,std,(col),1360,verified,functions.rs golden-verified
sql/connect/functions/builtin.py,function,,stddev_samp,(col),1367,verified,functions.rs golden-verified
sql/connect/functions/builtin.py,function,,stddev_pop,(col),1374,verified,functions.rs golden-verified
sql/connect/functions/builtin.py,function,,sum,(col),1381,verified,functions.rs golden-verified
sql/connect/functions/builtin.py,function,,sumDistinct,(col),1388,verified,functions.rs golden-verified
sql/connect/functions/builtin.py,function,,sum_distinct,(col),1396,verified,functions.rs golden-verified
sql/connect/functions/builtin.py,function,,var_pop,(col),1407,verified,functions.rs golden-verified
sql/connect/functions/builtin.py,function,,regr_avgx,"(y, x)",1414,verified,functions.rs golden-verified
sql/connect/functions/builtin.py,function,,regr_avgy,"(y, x)",1421,verified,functions.rs golden-verified
sql/connect/functions/builtin.py,function,,regr_count,"(y, x)",1428,verified,functions.rs golden-verified
sql/connect/functions/builtin.py,function,,regr_intercept,"(y, x)",1435,verified,functions.rs golden-verified
sql/connect/functions/builtin.py,function,,regr_r2,"(y, x)",1442,verified,functions.rs golden-verified
sql/connect/functions/builtin.py,function,,regr_slope,"(y, x)",1449,verified,functions.rs golden-verified
sql/connect/functions/builtin.py,function,,regr_sxx,"(y, x)",1456,verified,functions.rs golden-verified
sql/connect/functions/builtin.py,function,,regr_sxy,"(y, x)",1463,verified,functions.rs golden-verified
sql/connect/functions/builtin.py,function,,regr_syy,"(y, x)",1470,verified,functions.rs golden-verified
sql/connect/functions/builtin.py,function,,var_samp,(col),1477,verified,functions.rs golden-verified
sql/connect/functions/builtin.py,function,,variance,(col),1484,verified,functions.rs golden-verified
sql/connect/functions/builtin.py,function,,every,(col),1491,verified,functions.rs golden-verified
sql/connect/functions/builtin.py,function,,bool_and,(col),1498,verified,functions.rs golden-verified
sql/connect/functions/builtin.py,function,,some,(col),1505,verified,functions.rs golden-verified
sql/connect/functions/builtin.py,function,,bool_or,(col),1512,verified,functions.rs golden-verified
sql/connect/functions/builtin.py,function,,bit_and,(col),1519,verified,functions.rs golden-verified
sql/connect/functions/builtin.py,function,,bit_or,(col),1526,verified,functions.rs golden-verified
sql/connect/functions/builtin.py,function,,bit_xor,(col),1533,verified,functions.rs golden-verified
sql/connect/functions/builtin.py,function,,counter_diff,"(value, startTime)",1543,todo,
sql/connect/functions/builtin.py,function,,cume_dist,(),1552,verified,functions.rs golden-verified
sql/connect/functions/builtin.py,function,,dense_rank,(),1559,verified,functions.rs golden-verified
sql/connect/functions/builtin.py,function,,lag,"(col, offset, default)",1566,verified,functions.rs golden-verified
sql/connect/functions/builtin.py,function,,lead,"(col, offset, default)",1576,verified,functions.rs golden-verified
sql/connect/functions/builtin.py,function,,nth_value,"(col, offset, ignoreNulls)",1586,verified,functions.rs golden-verified
sql/connect/functions/builtin.py,function,,any_value,"(col, ignoreNulls)",1596,verified,functions.rs golden-verified
sql/connect/functions/builtin.py,function,,first_value,"(col, ignoreNulls)",1608,verified,functions.rs golden-verified
sql/connect/functions/builtin.py,function,,last_value,"(col, ignoreNulls)",1620,verified,functions.rs golden-verified
sql/connect/functions/builtin.py,function,,count_if,(col),1632,verified,functions.rs golden-verified
sql/connect/functions/builtin.py,function,,histogram_numeric,"(col, nBins)",1639,verified,functions.rs golden-verified
sql/connect/functions/builtin.py,function,,ntile,(n),1646,verified,functions.rs golden-verified
sql/connect/functions/builtin.py,function,,percent_rank,(),1653,verified,functions.rs golden-verified
sql/connect/functions/builtin.py,function,,rank,(),1660,verified,functions.rs golden-verified
sql/connect/functions/builtin.py,function,,row_number,(),1667,verified,functions.rs golden-verified
sql/connect/functions/builtin.py,function,,aggregate,"(col, initialValue, merge, finish)",1674,verified,functions.rs HOF (12 golden)
sql/connect/functions/builtin.py,function,,reduce,"(col, initialValue, merge, finish)",1690,verified,functions.rs HOF (12 golden)
sql/connect/functions/builtin.py,function,,array,(*cols),1706,verified,functions.rs golden-verified
sql/connect/functions/builtin.py,function,,array_append,"(col, value)",1717,verified,functions.rs golden-verified
sql/connect/functions/builtin.py,function,,array_contains,"(col, value)",1724,verified,functions.rs golden-verified
sql/connect/functions/builtin.py,function,,array_distinct,(col),1731,verified,functions.rs golden-verified
sql/connect/functions/builtin.py,function,,array_except,"(col1, col2)",1738,verified,functions.rs golden-verified
sql/connect/functions/builtin.py,function,,array_insert,"(arr, pos, value)",1745,verified,functions.rs golden-verified
sql/connect/functions/builtin.py,function,,array_intersect,"(col1, col2)",1754,verified,functions.rs golden-verified
sql/connect/functions/builtin.py,function,,array_compact,(col),1761,verified,functions.rs golden-verified
sql/connect/functions/builtin.py,function,,array_join,"(col, delimiter, null_replacement)",1768,verified,functions.rs golden-verified
sql/connect/functions/builtin.py,function,,array_max,(col),1780,verified,functions.rs golden-verified
sql/connect/functions/builtin.py,function,,array_min,(col),1787,verified,functions.rs golden-verified
sql/connect/functions/builtin.py,function,,array_size,(col),1794,verified,functions.rs golden-verified
sql/connect/functions/builtin.py,function,,cardinality,(col),1801,verified,functions.rs golden-verified
sql/connect/functions/builtin.py,function,,array_position,"(col, value)",1808,verified,functions.rs golden-verified
sql/connect/functions/builtin.py,function,,array_prepend,"(col, value)",1815,verified,functions.rs golden-verified
sql/connect/functions/builtin.py,function,,array_remove,"(col, element)",1822,verified,functions.rs golden-verified
sql/connect/functions/builtin.py,function,,array_repeat,"(col, count)",1829,verified,functions.rs golden-verified
sql/connect/functions/builtin.py,function,,array_sort,"(col, comparator)",1838,verified,functions.rs golden-verified
sql/connect/functions/builtin.py,function,,array_union,"(col1, col2)",1850,verified,functions.rs golden-verified
sql/connect/functions/builtin.py,function,,arrays_overlap,"(a1, a2)",1857,verified,functions.rs golden-verified
sql/connect/functions/builtin.py,function,,arrays_zip,(*cols),1864,verified,functions.rs golden-verified
sql/connect/functions/builtin.py,function,,concat,(*cols),1871,verified,functions.rs golden-verified
sql/connect/functions/builtin.py,function,,create_map,(*cols),1878,verified,functions.rs golden-verified
sql/connect/functions/builtin.py,function,,element_at,"(col, extraction)",1889,verified,functions.rs golden-verified
sql/connect/functions/builtin.py,function,,try_element_at,"(col, extraction)",1896,verified,functions.rs golden-verified
sql/connect/functions/builtin.py,function,,exists,"(col, f)",1903,verified,functions.rs HOF (12 golden)
sql/connect/functions/builtin.py,function,,explode,(col),1910,verified,functions.rs golden-verified
sql/connect/functions/builtin.py,function,,explode_outer,(col),1917,verified,functions.rs golden-verified
sql/connect/functions/builtin.py,function,,filter,"(col, f)",1924,verified,functions.rs HOF (12 golden)
sql/connect/functions/builtin.py,function,,flatten,(col),1934,verified,functions.rs golden-verified
sql/connect/functions/builtin.py,function,,forall,"(col, f)",1941,verified,functions.rs HOF (12 golden)
sql/connect/functions/builtin.py,function,,from_csv,"(col, schema, options)",1948,verified,functions.rs golden-verified
sql/connect/functions/builtin.py,function,,from_json,"(col, schema, options)",1976,verified,functions.rs golden-verified
sql/connect/functions/builtin.py,function,,from_xml,"(col, schema, options)",2004,verified,functions.rs golden-verified
sql/connect/functions/builtin.py,function,,get,"(col, index)",2032,verified,functions.rs golden-verified
sql/connect/functions/builtin.py,function,,get_json_object,"(col, path)",2042,verified,functions.rs golden-verified
sql/connect/functions/builtin.py,function,,json_array_length,(col),2049,verified,functions.rs golden-verified
sql/connect/functions/builtin.py,function,,json_object_keys,(col),2056,verified,functions.rs golden-verified
sql/connect/functions/builtin.py,function,,inline,(col),2063,verified,functions.rs golden-verified
sql/connect/functions/builtin.py,function,,inline_outer,(col),2070,verified,functions.rs golden-verified
sql/connect/functions/builtin.py,function,,json_tuple,"(col, *fields)",2077,verified,functions.rs golden-verified
sql/connect/functions/builtin.py,function,,map_concat,(*cols),2089,verified,functions.rs golden-verified
sql/connect/functions/builtin.py,function,,map_contains_key,"(col, value)",2100,verified,functions.rs golden-verified
sql/connect/functions/builtin.py,function,,map_entries,(col),2107,verified,functions.rs golden-verified
sql/connect/functions/builtin.py,function,,map_filter,"(col, f)",2114,verified,functions.rs HOF (12 golden)
sql/connect/functions/builtin.py,function,,map_from_arrays,"(col1, col2)",2121,verified,functions.rs golden-verified
sql/connect/functions/builtin.py,function,,map_from_entries,(col),2128,verified,functions.rs golden-verified
sql/connect/functions/builtin.py,function,,map_keys,(col),2135,verified,functions.rs golden-verified
sql/connect/functions/builtin.py,function,,map_values,(col),2142,verified,functions.rs golden-verified
sql/connect/functions/builtin.py,function,,map_zip_with,"(col1, col2, f)",2149,verified,functions.rs HOF (12 golden)
sql/connect/functions/builtin.py,function,,str_to_map,"(text, pairDelim, keyValueDelim)",2160,verified,functions.rs golden-verified
sql/connect/functions/builtin.py,function,,try_parse_json,(col),2174,verified,functions.rs golden-verified
sql/connect/functions/builtin.py,function,,to_variant_object,(col),2181,verified,functions.rs golden-verified
sql/connect/functions/builtin.py,function,,parse_json,(col),2188,verified,functions.rs golden-verified
sql/connect/functions/builtin.py,function,,is_variant_null,(v),2195,verified,functions.rs golden-verified
sql/connect/functions/builtin.py,function,,is_valid_variant,(v),2202,todo,
sql/connect/functions/builtin.py,function,,variant_delete,"(v, *paths)",2209,todo,
sql/connect/functions/builtin.py,function,,variant_insert,"(v, path, value)",2222,todo,
sql/connect/functions/builtin.py,function,,try_variant_insert,"(v, path, value)",2230,todo,
sql/connect/functions/builtin.py,function,,variant_set,"(v, path, value, create_if_missing)",2240,todo,
sql/connect/functions/builtin.py,function,,try_variant_set,"(v, path, value, create_if_missing)",2255,todo,
sql/connect/functions/builtin.py,function,,variant_array_append,"(v, path, value)",2270,todo,
sql/connect/functions/builtin.py,function,,try_variant_array_append,"(v, path, value)",2280,todo,
sql/connect/functions/builtin.py,function,,variant_get,"(v, path, targetType)",2290,verified,functions.rs golden-verified
sql/connect/functions/builtin.py,function,,try_variant_get,"(v, path, targetType)",2301,verified,functions.rs golden-verified
sql/connect/functions/builtin.py,function,,schema_of_variant,(v),2312,verified,functions.rs golden-verified
sql/connect/functions/builtin.py,function,,schema_of_variant_agg,(v),2319,verified,functions.rs golden-verified
sql/connect/functions/builtin.py,function,,posexplode,(col),2326,verified,functions.rs golden-verified
sql/connect/functions/builtin.py,function,,posexplode_outer,(col),2333,verified,functions.rs golden-verified
sql/connect/functions/builtin.py,function,,reverse,(col),2340,verified,functions.rs golden-verified
sql/connect/functions/builtin.py,function,,sequence,"(start, stop, step)",2347,verified,functions.rs golden-verified
sql/connect/functions/builtin.py,function,,schema_of_csv,"(csv, options)",2359,verified,functions.rs golden-verified
sql/connect/functions/builtin.py,function,,schema_of_json,"(json, options)",2380,verified,functions.rs golden-verified
sql/connect/functions/builtin.py,function,,schema_of_xml,"(xml, options)",2401,verified,functions.rs golden-verified
sql/connect/functions/builtin.py,function,,shuffle,"(col, seed)",2422,verified,functions.rs golden-verified
sql/connect/functions/builtin.py,function,,size,(col),2430,verified,functions.rs golden-verified
sql/connect/functions/builtin.py,function,,slice,"(x, start, length)",2437,verified,functions.rs golden-verified
sql/connect/functions/builtin.py,function,,sort_array,"(col, asc)",2476,verified,functions.rs golden-verified
sql/connect/functions/builtin.py,function,,struct,(*cols),2483,verified,functions.rs golden-verified
sql/connect/functions/builtin.py,function,,named_struct,(*cols),2494,verified,functions.rs golden-verified
sql/connect/functions/builtin.py,function,,to_csv,"(col, options)",2501,verified,functions.rs golden-verified
sql/connect/functions/builtin.py,function,,to_json,"(col, options)",2511,verified,functions.rs golden-verified
sql/connect/functions/builtin.py,function,,to_xml,"(col, options)",2521,verified,functions.rs golden-verified
sql/connect/functions/builtin.py,function,,transform,"(col, f)",2531,verified,functions.rs HOF (12 golden)
sql/connect/functions/builtin.py,function,,transform_keys,"(col, f)",2541,verified,functions.rs HOF (12 golden)
sql/connect/functions/builtin.py,function,,transform_values,"(col, f)",2548,verified,functions.rs HOF (12 golden)
sql/connect/functions/builtin.py,function,,zip_with,"(left, right, f)",2555,verified,functions.rs HOF (12 golden)
sql/connect/functions/builtin.py,function,,upper,(col),2569,verified,functions.rs golden-verified
sql/connect/functions/builtin.py,function,,lower,(col),2576,verified,functions.rs golden-verified
sql/connect/functions/builtin.py,function,,ascii,(col),2583,verified,functions.rs golden-verified
sql/connect/functions/builtin.py,function,,base64,(col),2590,verified,functions.rs golden-verified
sql/connect/functions/builtin.py,function,,unbase64,(col),2597,verified,functions.rs golden-verified
sql/connect/functions/builtin.py,function,,ltrim,"(col, trim)",2604,verified,functions.rs golden-verified
sql/connect/functions/builtin.py,function,,rtrim,"(col, trim)",2614,verified,functions.rs golden-verified
sql/connect/functions/builtin.py,function,,trim,"(col, trim)",2624,verified,functions.rs golden-verified
sql/connect/functions/builtin.py,function,,concat_ws,"(sep, *cols)",2634,verified,functions.rs golden-verified
sql/connect/functions/builtin.py,function,,decode,"(col, charset)",2641,verified,functions.rs golden-verified
sql/connect/functions/builtin.py,function,,encode,"(col, charset)",2648,verified,functions.rs golden-verified
sql/connect/functions/builtin.py,function,,is_valid_utf8,(str),2655,verified,functions.rs golden-verified
sql/connect/functions/builtin.py,function,,make_valid_utf8,(str),2662,verified,functions.rs golden-verified
sql/connect/functions/builtin.py,function,,validate_utf8,(str),2669,verified,functions.rs golden-verified
sql/connect/functions/builtin.py,function,,try_validate_utf8,(str),2676,verified,functions.rs golden-verified
sql/connect/functions/builtin.py,function,,format_number,"(col, d)",2683,verified,functions.rs golden-verified
sql/connect/functions/builtin.py,function,,format_string,"(format, *cols)",2690,verified,functions.rs golden-verified
sql/connect/functions/builtin.py,function,,instr,"(str, substr, start, occurrence)",2697,verified,functions.rs golden-verified
sql/connect/functions/builtin.py,function,,overlay,"(src, replace, pos, len)",2717,verified,functions.rs golden-verified
sql/connect/functions/builtin.py,function,,sentences,"(string, language, country)",2755,verified,functions.rs golden-verified
sql/connect/functions/builtin.py,function,,substring,"(str, pos, len)",2769,verified,functions.rs golden-verified
sql/connect/functions/builtin.py,function,,substring_index,"(str, delim, count)",2782,verified,functions.rs golden-verified
sql/connect/functions/builtin.py,function,,levenshtein,"(left, right, threshold)",2789,verified,functions.rs golden-verified
sql/connect/functions/builtin.py,function,,jaro_winkler_similarity,"(left, right)",2801,todo,
sql/connect/functions/builtin.py,function,,locate,"(substr, str, pos)",2808,verified,functions.rs golden-verified
sql/connect/functions/builtin.py,function,,lpad,"(col, len, pad)",2815,verified,functions.rs golden-verified
sql/connect/functions/builtin.py,function,,rpad,"(col, len, pad)",2826,verified,functions.rs golden-verified
sql/connect/functions/builtin.py,function,,repeat,"(col, n)",2837,verified,functions.rs golden-verified
sql/connect/functions/builtin.py,function,,split,"(str, pattern, limit)",2846,verified,functions.rs golden-verified
sql/connect/functions/builtin.py,function,,rlike,"(str, regexp)",2859,verified,functions.rs golden-verified
sql/connect/functions/builtin.py,function,,regexp,"(str, regexp)",2866,verified,functions.rs golden-verified
sql/connect/functions/builtin.py,function,,regexp_like,"(str, regexp)",2873,verified,functions.rs golden-verified
sql/connect/functions/builtin.py,function,,randstr,"(length, seed)",2880,verified,functions.rs golden-verified
sql/connect/functions/builtin.py,function,,regexp_count,"(str, regexp)",2892,verified,functions.rs golden-verified
sql/connect/functions/builtin.py,function,,regexp_extract,"(str, pattern, idx)",2899,verified,functions.rs golden-verified
sql/connect/functions/builtin.py,function,,regexp_extract_all,"(str, regexp, idx)",2906,verified,functions.rs golden-verified
sql/connect/functions/builtin.py,function,,regexp_replace,"(string, pattern, replacement, position)",2918,verified,functions.rs golden-verified
sql/connect/functions/builtin.py,function,,regexp_substr,"(str, regexp)",2944,verified,functions.rs golden-verified
sql/connect/functions/builtin.py,function,,regexp_instr,"(str, regexp, idx)",2951,verified,functions.rs golden-verified
sql/connect/functions/builtin.py,function,,initcap,(col),2963,verified,functions.rs golden-verified
sql/connect/functions/builtin.py,function,,soundex,(col),2970,verified,functions.rs golden-verified
sql/connect/functions/builtin.py,function,,length,(col),2977,verified,functions.rs golden-verified
sql/connect/functions/builtin.py,function,,octet_length,(col),2984,verified,functions.rs golden-verified
sql/connect/functions/builtin.py,function,,bit_length,(col),2991,verified,functions.rs golden-verified
sql/connect/functions/builtin.py,function,,translate,"(srcCol, matching, replace)",2998,verified,functions.rs golden-verified
sql/connect/functions/builtin.py,function,,to_binary,"(col, format)",3005,verified,functions.rs golden-verified
sql/connect/functions/builtin.py,function,,to_char,"(col, format)",3015,verified,functions.rs golden-verified
sql/connect/functions/builtin.py,function,,to_varchar,"(col, format)",3022,verified,functions.rs golden-verified
sql/connect/functions/builtin.py,function,,to_number,"(col, format)",3029,verified,functions.rs golden-verified
sql/connect/functions/builtin.py,function,,replace,"(src, search, replace)",3036,verified,functions.rs golden-verified
sql/connect/functions/builtin.py,function,,split_part,"(src, delimiter, partNum)",3048,verified,functions.rs golden-verified
sql/connect/functions/builtin.py,function,,substr,"(str, pos, len)",3055,verified,functions.rs golden-verified
sql/connect/functions/builtin.py,function,,parse_url,"(url, partToExtract, key)",3067,verified,functions.rs golden-verified
sql/connect/functions/builtin.py,function,,try_parse_url,"(url, partToExtract, key)",3079,verified,functions.rs golden-verified
sql/connect/functions/builtin.py,function,,printf,"(format, *cols)",3091,verified,functions.rs golden-verified
sql/connect/functions/builtin.py,function,,url_decode,(str),3098,verified,functions.rs golden-verified
sql/connect/functions/builtin.py,function,,try_url_decode,(str),3105,verified,functions.rs golden-verified
sql/connect/functions/builtin.py,function,,url_encode,(str),3112,verified,functions.rs golden-verified
sql/connect/functions/builtin.py,function,,position,"(substr, str, start)",3119,verified,functions.rs golden-verified
sql/connect/functions/builtin.py,function,,endswith,"(str, suffix)",3131,verified,functions.rs golden-verified
sql/connect/functions/builtin.py,function,,startswith,"(str, prefix)",3138,verified,functions.rs golden-verified
sql/connect/functions/builtin.py,function,,char,(col),3145,verified,functions.rs golden-verified
sql/connect/functions/builtin.py,function,,try_to_binary,"(col, format)",3152,verified,functions.rs golden-verified
sql/connect/functions/builtin.py,function,,try_to_number,"(col, format)",3162,verified,functions.rs golden-verified
sql/connect/functions/builtin.py,function,,btrim,"(str, trim)",3169,verified,functions.rs golden-verified
sql/connect/functions/builtin.py,function,,char_length,(str),3179,verified,functions.rs golden-verified
sql/connect/functions/builtin.py,function,,character_length,(str),3186,verified,functions.rs golden-verified
sql/connect/functions/builtin.py,function,,chr,(n),3193,todo,
sql/connect/functions/builtin.py,function,,contains,"(left, right)",3200,verified,functions.rs golden-verified
sql/connect/functions/builtin.py,function,,elt,(*inputs),3207,verified,functions.rs golden-verified
sql/connect/functions/builtin.py,function,,find_in_set,"(str, str_array)",3214,verified,functions.rs golden-verified
sql/connect/functions/builtin.py,function,,like,"(str, pattern, escapeChar)",3221,verified,functions.rs golden-verified
sql/connect/functions/builtin.py,function,,ilike,"(str, pattern, escapeChar)",3233,verified,functions.rs golden-verified
sql/connect/functions/builtin.py,function,,lcase,(str),3245,verified,functions.rs golden-verified
sql/connect/functions/builtin.py,function,,ucase,(str),3252,verified,functions.rs golden-verified
sql/connect/functions/builtin.py,function,,left,"(str, len)",3259,verified,functions.rs golden-verified
sql/connect/functions/builtin.py,function,,right,"(str, len)",3266,verified,functions.rs golden-verified
sql/connect/functions/builtin.py,function,,mask,"(col, upperChar, lowerChar, digitChar, otherChar)",3273,verified,functions.rs golden-verified
sql/connect/functions/builtin.py,function,,collate,"(col, collation)",3293,verified,functions.rs golden-verified
sql/connect/functions/builtin.py,function,,collation,(col),3300,verified,functions.rs golden-verified
sql/connect/functions/builtin.py,function,,quote,(col),3307,todo,
sql/connect/functions/builtin.py,function,,curdate,(),3317,verified,functions.rs golden-verified
sql/connect/functions/builtin.py,function,,current_date,(),3324,verified,functions.rs golden-verified
sql/connect/functions/builtin.py,function,,current_time,(),3332,todo,
sql/connect/functions/builtin.py,function,,current_time,(precision),3336,todo,
sql/connect/functions/builtin.py,function,,current_time,(precision),3339,todo,
sql/connect/functions/builtin.py,function,,current_timestamp,(),3349,verified,functions.rs golden-verified
sql/connect/functions/builtin.py,function,,now,(),3356,verified,functions.rs golden-verified
sql/connect/functions/builtin.py,function,,current_timezone,(),3363,verified,functions.rs golden-verified
sql/connect/functions/builtin.py,function,,localtimestamp,(),3370,verified,functions.rs golden-verified
sql/connect/functions/builtin.py,function,,date_format,"(date, format)",3377,verified,functions.rs golden-verified
sql/connect/functions/builtin.py,function,,year,(col),3384,verified,functions.rs golden-verified
sql/connect/functions/builtin.py,function,,quarter,(col),3391,verified,functions.rs golden-verified
sql/connect/functions/builtin.py,function,,month,(col),3398,verified,functions.rs golden-verified
sql/connect/functions/builtin.py,function,,dayofweek,(col),3405,verified,functions.rs golden-verified
sql/connect/functions/builtin.py,function,,dayofmonth,(col),3412,verified,functions.rs golden-verified
sql/connect/functions/builtin.py,function,,day,(col),3419,verified,functions.rs golden-verified
sql/connect/functions/builtin.py,function,,dayofyear,(col),3426,verified,functions.rs golden-verified
sql/connect/functions/builtin.py,function,,hour,(col),3433,verified,functions.rs golden-verified
sql/connect/functions/builtin.py,function,,minute,(col),3440,verified,functions.rs golden-verified
sql/connect/functions/builtin.py,function,,second,(col),3447,verified,functions.rs golden-verified
sql/connect/functions/builtin.py,function,,weekofyear,(col),3454,verified,functions.rs golden-verified
sql/connect/functions/builtin.py,function,,weekday,(col),3461,verified,functions.rs golden-verified
sql/connect/functions/builtin.py,function,,monthname,(col),3468,verified,functions.rs golden-verified
sql/connect/functions/builtin.py,function,,dayname,(col),3475,verified,functions.rs golden-verified
sql/connect/functions/builtin.py,function,,extract,"(field, source)",3482,verified,functions.rs golden-verified
sql/connect/functions/builtin.py,function,,date_part,"(field, source)",3489,verified,functions.rs golden-verified
sql/connect/functions/builtin.py,function,,datepart,"(field, source)",3496,verified,functions.rs golden-verified
sql/connect/functions/builtin.py,function,,make_date,"(year, month, day)",3503,verified,functions.rs golden-verified
sql/connect/functions/builtin.py,function,,date_add,"(start, days)",3510,verified,functions.rs golden-verified
sql/connect/functions/builtin.py,function,,dateadd,"(start, days)",3519,verified,functions.rs golden-verified
sql/connect/functions/builtin.py,function,,date_sub,"(start, days)",3528,verified,functions.rs golden-verified
sql/connect/functions/builtin.py,function,,datediff,"(end, start)",3537,verified,functions.rs golden-verified
sql/connect/functions/builtin.py,function,,date_diff,"(end, start)",3544,verified,functions.rs golden-verified
sql/connect/functions/builtin.py,function,,date_from_unix_date,(days),3551,verified,functions.rs golden-verified
sql/connect/functions/builtin.py,function,,add_months,"(start, months)",3558,verified,functions.rs golden-verified
sql/connect/functions/builtin.py,function,,months_between,"(date1, date2, roundOff)",3567,verified,functions.rs golden-verified
sql/connect/functions/builtin.py,function,,to_date,"(col, format)",3574,verified,functions.rs golden-verified
sql/connect/functions/builtin.py,function,,try_to_date,"(col, format)",3584,todo,
sql/connect/functions/builtin.py,function,,unix_date,(col),3594,verified,functions.rs golden-verified
sql/connect/functions/builtin.py,function,,unix_micros,(col),3601,verified,functions.rs golden-verified
sql/connect/functions/builtin.py,function,,unix_millis,(col),3608,verified,functions.rs golden-verified
sql/connect/functions/builtin.py,function,,unix_nanos,(col),3615,todo,
sql/connect/functions/builtin.py,function,,unix_seconds,(col),3622,verified,functions.rs golden-verified
sql/connect/functions/builtin.py,function,,to_time,(str),3630,todo,
sql/connect/functions/builtin.py,function,,to_time,"(str, format)",3634,todo,
sql/connect/functions/builtin.py,function,,to_time,"(str, format)",3637,todo,
sql/connect/functions/builtin.py,function,,to_timestamp,(col),3648,verified,functions.rs golden-verified
sql/connect/functions/builtin.py,function,,to_timestamp,"(col, format)",3652,verified,functions.rs golden-verified
sql/connect/functions/builtin.py,function,,to_timestamp,"(col, format)",3655,verified,functions.rs golden-verified
sql/connect/functions/builtin.py,function,,try_to_time,(str),3666,todo,
sql/connect/functions/builtin.py,function,,try_to_time,"(str, format)",3670,todo,
sql/connect/functions/builtin.py,function,,try_to_time,"(str, format)",3673,todo,
sql/connect/functions/builtin.py,function,,try_to_timestamp,"(col, format)",3683,verified,functions.rs golden-verified
sql/connect/functions/builtin.py,function,,xpath,"(xml, path)",3693,verified,functions.rs golden-verified
sql/connect/functions/builtin.py,function,,xpath_boolean,"(xml, path)",3700,verified,functions.rs golden-verified
sql/connect/functions/builtin.py,function,,xpath_double,"(xml, path)",3707,verified,functions.rs golden-verified
sql/connect/functions/builtin.py,function,,xpath_number,"(xml, path)",3714,verified,functions.rs golden-verified
sql/connect/functions/builtin.py,function,,xpath_float,"(xml, path)",3721,verified,functions.rs golden-verified
sql/connect/functions/builtin.py,function,,xpath_int,"(xml, path)",3728,verified,functions.rs golden-verified
sql/connect/functions/builtin.py,function,,xpath_long,"(xml, path)",3735,verified,functions.rs golden-verified
sql/connect/functions/builtin.py,function,,xpath_short,"(xml, path)",3742,verified,functions.rs golden-verified
sql/connect/functions/builtin.py,function,,xpath_string,"(xml, path)",3749,verified,functions.rs golden-verified
sql/connect/functions/builtin.py,function,,trunc,"(date, format)",3756,verified,functions.rs golden-verified
sql/connect/functions/builtin.py,function,,date_trunc,"(format, timestamp)",3763,verified,functions.rs golden-verified
sql/connect/functions/builtin.py,function,,next_day,"(date, dayOfWeek)",3770,verified,functions.rs golden-verified
sql/connect/functions/builtin.py,function,,last_day,(date),3777,verified,functions.rs golden-verified
sql/connect/functions/builtin.py,function,,from_unixtime,"(timestamp, format)",3784,verified,functions.rs golden-verified
sql/connect/functions/builtin.py,function,,unix_timestamp,"(timestamp, format)",3792,verified,functions.rs golden-verified
sql/connect/functions/builtin.py,function,,unix_timestamp,(),3796,verified,functions.rs golden-verified
sql/connect/functions/builtin.py,function,,unix_timestamp,"(timestamp, format)",3799,verified,functions.rs golden-verified
sql/connect/functions/builtin.py,function,,from_utc_timestamp,"(timestamp, tz)",3810,verified,functions.rs golden-verified
sql/connect/functions/builtin.py,function,,to_utc_timestamp,"(timestamp, tz)",3817,verified,functions.rs golden-verified
sql/connect/functions/builtin.py,function,,timestamp_seconds,(col),3824,verified,functions.rs golden-verified
sql/connect/functions/builtin.py,function,,time_diff,"(unit, start, end)",3831,todo,
sql/connect/functions/builtin.py,function,,time_trunc,"(unit, time)",3838,todo,
sql/connect/functions/builtin.py,function,,timestamp_millis,(col),3845,verified,functions.rs golden-verified
sql/connect/functions/builtin.py,function,,timestamp_micros,(col),3852,verified,functions.rs golden-verified
sql/connect/functions/builtin.py,function,,timestamp_nanos,(col),3859,todo,
sql/connect/functions/builtin.py,function,,timestamp_diff,"(unit, start, end)",3866,verified,functions.rs golden-verified
sql/connect/functions/builtin.py,function,,timestamp_add,"(unit, quantity, ts)",3873,verified,functions.rs golden-verified
sql/connect/functions/builtin.py,function,,time_bucket,"(bucket_size, ts, origin)",3880,todo,
sql/connect/functions/builtin.py,function,,window,"(timeColumn, windowDuration, slideDuration, startTime)",3893,verified,functions.rs golden-verified
sql/connect/functions/builtin.py,function,,window_time,(windowColumn),3946,verified,functions.rs golden-verified
sql/connect/functions/builtin.py,function,,session_window,"(timeColumn, gapDuration)",3955,verified,functions.rs golden-verified
sql/connect/functions/builtin.py,function,,to_unix_timestamp,"(timestamp, format)",3978,verified,functions.rs golden-verified
sql/connect/functions/builtin.py,function,,to_timestamp_ltz,"(timestamp, format)",3991,verified,functions.rs golden-verified
sql/connect/functions/builtin.py,function,,to_timestamp_ntz,"(timestamp, format)",4004,verified,functions.rs golden-verified
sql/connect/functions/builtin.py,function,,bucket,"(numBuckets, col)",4020,verified,functions.rs golden-verified
sql/connect/functions/builtin.py,function,,years,(col),4030,verified,functions.rs golden-verified
sql/connect/functions/builtin.py,function,,months,(col),4040,verified,functions.rs golden-verified
sql/connect/functions/builtin.py,function,,days,(col),4050,verified,functions.rs golden-verified
sql/connect/functions/builtin.py,function,,hours,(col),4060,verified,functions.rs golden-verified
sql/connect/functions/builtin.py,function,,convert_timezone,"(sourceTz, targetTz, sourceTs)",4070,verified,functions.rs golden-verified
sql/connect/functions/builtin.py,function,,make_dt_interval,"(days, hours, mins, secs)",4082,verified,functions.rs golden-verified
sql/connect/functions/builtin.py,function,,try_make_interval,"(years, months, weeks, days, hours, mins, secs)",4099,verified,functions.rs golden-verified
sql/connect/functions/builtin.py,function,,make_interval,"(years, months, weeks, days, hours, mins, secs)",4124,verified,functions.rs golden-verified
sql/connect/functions/builtin.py,function,,make_time,"(hour, minute, second)",4149,todo,
sql/connect/functions/builtin.py,function,,time_from_seconds,(col),4156,todo,
sql/connect/functions/builtin.py,function,,time_from_millis,(col),4163,todo,
sql/connect/functions/builtin.py,function,,time_from_micros,(col),4170,todo,
sql/connect/functions/builtin.py,function,,time_to_seconds,(col),4177,todo,
sql/connect/functions/builtin.py,function,,time_to_millis,(col),4184,todo,
sql/connect/functions/builtin.py,function,,time_to_micros,(col),4191,todo,
sql/connect/functions/builtin.py,function,,make_timestamp,"(years, months, days, hours, mins, secs)",4212,todo,
sql/connect/functions/builtin.py,function,,make_timestamp,"(years, months, days, hours, mins, secs, timezone)",4223,todo,
sql/connect/functions/builtin.py,function,,make_timestamp,"(*, date, time)",4235,todo,
sql/connect/functions/builtin.py,function,,make_timestamp,"(*, date, time, timezone)",4239,todo,
sql/connect/functions/builtin.py,function,,make_timestamp,"(years, months, days, hours, mins, secs, timezone, date, time)",4244,todo,
sql/connect/functions/builtin.py,function,,try_make_timestamp,"(years, months, days, hours, mins, secs)",4305,todo,
sql/connect/functions/builtin.py,function,,try_make_timestamp,"(years, months, days, hours, mins, secs, timezone)",4316,todo,
sql/connect/functions/builtin.py,function,,try_make_timestamp,"(*, date, time)",4328,todo,
sql/connect/functions/builtin.py,function,,try_make_timestamp,"(*, date, time, timezone)",4332,todo,
sql/connect/functions/builtin.py,function,,try_make_timestamp,"(years, months, days, hours, mins, secs, timezone, date, time)",4337,todo,
sql/connect/functions/builtin.py,function,,make_timestamp_ltz,"(years, months, days, hours, mins, secs, timezone)",4398,todo,
sql/connect/functions/builtin.py,function,,try_make_timestamp_ltz,"(years, months, days, hours, mins, secs, timezone)",4420,todo,
sql/connect/functions/builtin.py,function,,make_timestamp_ntz,"(years, months, days, hours, mins, secs)",4443,todo,
sql/connect/functions/builtin.py,function,,make_timestamp_ntz,"(*, date, time)",4454,todo,
sql/connect/functions/builtin.py,function,,make_timestamp_ntz,"(years, months, days, hours, mins, secs, date, time)",4461,todo,
sql/connect/functions/builtin.py,function,,try_make_timestamp_ntz,"(years, months, days, hours, mins, secs)",4501,todo,
sql/connect/functions/builtin.py,function,,try_make_timestamp_ntz,"(*, date, time)",4512,todo,
sql/connect/functions/builtin.py,function,,try_make_timestamp_ntz,"(years, months, days, hours, mins, secs, date, time)",4519,todo,
sql/connect/functions/builtin.py,function,,make_ym_interval,"(years, months)",4558,verified,functions.rs golden-verified
sql/connect/functions/builtin.py,function,,current_catalog,(),4572,verified,functions.rs golden-verified
sql/connect/functions/builtin.py,function,,current_path,(),4579,todo,
sql/connect/functions/builtin.py,function,,current_database,(),4586,verified,functions.rs golden-verified
sql/connect/functions/builtin.py,function,,current_schema,(),4593,verified,functions.rs golden-verified
sql/connect/functions/builtin.py,function,,current_user,(),4600,verified,functions.rs golden-verified
sql/connect/functions/builtin.py,function,,user,(),4607,verified,functions.rs golden-verified
sql/connect/functions/builtin.py,function,,session_user,(),4614,verified,functions.rs golden-verified
sql/connect/functions/builtin.py,function,,uuid,(seed),4621,todo,
sql/connect/functions/builtin.py,function,,assert_true,"(col, errMsg)",4628,verified,functions.rs golden-verified
sql/connect/functions/builtin.py,function,,raise_error,(errMsg),4647,verified,functions.rs golden-verified
sql/connect/functions/builtin.py,function,,crc32,(col),4664,verified,functions.rs golden-verified
sql/connect/functions/builtin.py,function,,hash,(*cols),4671,verified,functions.rs golden-verified
sql/connect/functions/builtin.py,function,,xxhash64,(*cols),4678,verified,functions.rs golden-verified
sql/connect/functions/builtin.py,function,,md5,(col),4685,verified,functions.rs golden-verified
sql/connect/functions/builtin.py,function,,sha1,(col),4692,verified,functions.rs golden-verified
sql/connect/functions/builtin.py,function,,sha2,"(col, numBits)",4699,todo,
sql/connect/functions/builtin.py,function,,hll_sketch_agg,"(col, lgConfigK)",4716,verified,functions.rs golden-verified
sql/connect/functions/builtin.py,function,,hll_union_agg,"(col, allowDifferentLgConfigK)",4729,verified,functions.rs golden-verified
sql/connect/functions/builtin.py,function,,hll_sketch_estimate,(col),4742,verified,functions.rs golden-verified
sql/connect/functions/builtin.py,function,,hll_union,"(col1, col2, allowDifferentLgConfigK)",4749,verified,functions.rs golden-verified
sql/connect/functions/builtin.py,function,,theta_sketch_agg,"(col, lgNomEntries)",4763,todo,
sql/connect/functions/builtin.py,function,,theta_union_agg,"(col, lgNomEntries)",4777,todo,
sql/connect/functions/builtin.py,function,,theta_intersection_agg,(col),4791,todo,
sql/connect/functions/builtin.py,function,,tuple_sketch_agg_double,"(key, summary, lgNomEntries, mode)",4801,todo,
sql/connect/functions/builtin.py,function,,tuple_sketch_agg_integer,"(key, summary, lgNomEntries, mode)",4817,todo,
sql/connect/functions/builtin.py,function,,tuple_union_agg_double,"(col, lgNomEntries, mode)",4833,todo,
sql/connect/functions/builtin.py,function,,tuple_union_agg_integer,"(col, lgNomEntries, mode)",4848,todo,
sql/connect/functions/builtin.py,function,,tuple_intersection_agg_double,"(col, mode)",4863,todo,
sql/connect/functions/builtin.py,function,,tuple_intersection_agg_integer,"(col, mode)",4877,todo,
sql/connect/functions/builtin.py,function,,kll_sketch_agg_bigint,"(col, k)",4891,todo,
sql/connect/functions/builtin.py,function,,kll_sketch_agg_float,"(col, k)",4905,todo,
sql/connect/functions/builtin.py,function,,kll_sketch_agg_double,"(col, k)",4919,todo,
sql/connect/functions/builtin.py,function,,kll_merge_agg_bigint,"(col, k)",4933,todo,
sql/connect/functions/builtin.py,function,,kll_merge_agg_float,"(col, k)",4947,todo,
sql/connect/functions/builtin.py,function,,kll_merge_agg_double,"(col, k)",4961,todo,
sql/connect/functions/builtin.py,function,,kll_sketch_to_string_bigint,(col),4975,todo,
sql/connect/functions/builtin.py,function,,kll_sketch_to_string_float,(col),4983,todo,
sql/connect/functions/builtin.py,function,,kll_sketch_to_string_double,(col),4991,todo,
sql/connect/functions/builtin.py,function,,kll_sketch_get_n_bigint,(col),4999,todo,
sql/connect/functions/builtin.py,function,,kll_sketch_get_n_float,(col),5007,todo,
sql/connect/functions/builtin.py,function,,kll_sketch_get_n_double,(col),5015,todo,
sql/connect/functions/builtin.py,function,,kll_sketch_merge_bigint,"(left, right)",5023,todo,
sql/connect/functions/builtin.py,function,,kll_sketch_merge_float,"(left, right)",5031,todo,
sql/connect/functions/builtin.py,function,,kll_sketch_merge_double,"(left, right)",5039,todo,
sql/connect/functions/builtin.py,function,,kll_sketch_get_quantile_bigint,"(sketch, rank)",5047,todo,
sql/connect/functions/builtin.py,function,,kll_sketch_get_quantile_float,"(sketch, rank)",5055,todo,
sql/connect/functions/builtin.py,function,,kll_sketch_get_quantile_double,"(sketch, rank)",5063,todo,
sql/connect/functions/builtin.py,function,,kll_sketch_get_rank_bigint,"(sketch, quantile)",5071,todo,
sql/connect/functions/builtin.py,function,,kll_sketch_get_rank_float,"(sketch, quantile)",5079,todo,
sql/connect/functions/builtin.py,function,,kll_sketch_get_rank_double,"(sketch, quantile)",5087,todo,
sql/connect/functions/builtin.py,function,,theta_sketch_estimate,(col),5095,todo,
sql/connect/functions/builtin.py,function,,theta_union,"(col1, col2, lgNomEntries)",5103,todo,
sql/connect/functions/builtin.py,function,,theta_intersection,"(col1, col2)",5116,todo,
sql/connect/functions/builtin.py,function,,theta_difference,"(col1, col2)",5124,todo,
sql/connect/functions/builtin.py,function,,tuple_sketch_estimate_double,(col),5132,todo,
sql/connect/functions/builtin.py,function,,tuple_sketch_estimate_integer,(col),5140,todo,
sql/connect/functions/builtin.py,function,,tuple_sketch_summary_double,"(col, mode)",5148,todo,
sql/connect/functions/builtin.py,function,,tuple_sketch_summary_integer,"(col, mode)",5162,todo,
sql/connect/functions/builtin.py,function,,tuple_sketch_theta_double,(col),5176,todo,
sql/connect/functions/builtin.py,function,,tuple_sketch_theta_integer,(col),5183,todo,
sql/connect/functions/builtin.py,function,,tuple_union_double,"(col1, col2, lgNomEntries, mode)",5190,todo,
sql/connect/functions/builtin.py,function,,tuple_union_integer,"(col1, col2, lgNomEntries, mode)",5206,todo,
sql/connect/functions/builtin.py,function,,tuple_intersection_double,"(col1, col2, mode)",5222,todo,
sql/connect/functions/builtin.py,function,,tuple_intersection_integer,"(col1, col2, mode)",5237,todo,
sql/connect/functions/builtin.py,function,,tuple_difference_double,"(col1, col2)",5252,todo,
sql/connect/functions/builtin.py,function,,tuple_difference_integer,"(col1, col2)",5259,todo,
sql/connect/functions/builtin.py,function,,tuple_difference_theta_double,"(col1, col2)",5266,todo,
sql/connect/functions/builtin.py,function,,tuple_difference_theta_integer,"(col1, col2)",5273,todo,
sql/connect/functions/builtin.py,function,,tuple_intersection_theta_double,"(col1, col2, mode)",5280,todo,
sql/connect/functions/builtin.py,function,,tuple_intersection_theta_integer,"(col1, col2, mode)",5295,todo,
sql/connect/functions/builtin.py,function,,tuple_union_theta_double,"(col1, col2, lgNomEntries, mode)",5310,todo,
sql/connect/functions/builtin.py,function,,tuple_union_theta_integer,"(col1, col2, lgNomEntries, mode)",5326,todo,
sql/connect/functions/builtin.py,function,,ifnull,"(col1, col2)",5345,verified,functions.rs golden-verified
sql/connect/functions/builtin.py,function,,isnotnull,(col),5352,verified,functions.rs golden-verified
sql/connect/functions/builtin.py,function,,equal_null,"(col1, col2)",5359,verified,functions.rs golden-verified
sql/connect/functions/builtin.py,function,,nullif,"(col1, col2)",5366,verified,functions.rs golden-verified
sql/connect/functions/builtin.py,function,,nullifzero,(col),5373,verified,functions.rs golden-verified
sql/connect/functions/builtin.py,function,,nvl,"(col1, col2)",5380,verified,functions.rs golden-verified
sql/connect/functions/builtin.py,function,,nvl2,"(col1, col2, col3)",5387,verified,functions.rs golden-verified
sql/connect/functions/builtin.py,function,,zeroifnull,(col),5394,verified,functions.rs golden-verified
sql/connect/functions/builtin.py,function,,hmac,"(key, message, algorithm)",5401,todo,
sql/connect/functions/builtin.py,function,,aes_encrypt,"(input, key, mode, padding, iv, aad)",5415,verified,functions.rs golden-verified
sql/connect/functions/builtin.py,function,,aes_decrypt,"(input, key, mode, padding, aad)",5434,verified,functions.rs golden-verified
sql/connect/functions/builtin.py,function,,try_aes_decrypt,"(input, key, mode, padding, aad)",5451,verified,functions.rs golden-verified
sql/connect/functions/builtin.py,function,,sha,(col),5468,verified,functions.rs golden-verified
sql/connect/functions/builtin.py,function,,input_file_block_length,(),5475,verified,functions.rs golden-verified
sql/connect/functions/builtin.py,function,,input_file_block_start,(),5482,verified,functions.rs golden-verified
sql/connect/functions/builtin.py,function,,reflect,(*cols),5489,verified,functions.rs golden-verified
sql/connect/functions/builtin.py,function,,java_method,(*cols),5496,verified,functions.rs golden-verified
sql/connect/functions/builtin.py,function,,try_reflect,(*cols),5503,verified,functions.rs golden-verified
sql/connect/functions/builtin.py,function,,version,(),5510,verified,functions.rs golden-verified
sql/connect/functions/builtin.py,function,,typeof,(col),5517,verified,functions.rs golden-verified
sql/connect/functions/builtin.py,function,,stack,(*cols),5524,verified,functions.rs golden-verified
sql/connect/functions/builtin.py,function,,bitmap_bit_position,(col),5531,verified,functions.rs golden-verified
sql/connect/functions/builtin.py,function,,bitmap_bucket_number,(col),5538,verified,functions.rs golden-verified
sql/connect/functions/builtin.py,function,,bitmap_construct_agg,(col),5545,verified,functions.rs golden-verified
sql/connect/functions/builtin.py,function,,bitmap_count,(col),5552,verified,functions.rs golden-verified
sql/connect/functions/builtin.py,function,,bitmap_or_agg,(col),5559,verified,functions.rs golden-verified
sql/connect/functions/builtin.py,function,,bitmap_and_agg,(col),5566,todo,
sql/connect/functions/builtin.py,function,,st_asbinary,"(geo, endianness)",5576,todo,
sql/connect/functions/builtin.py,function,,st_geogfromwkb,(wkb),5587,todo,
sql/connect/functions/builtin.py,function,,st_geomfromwkb,"(wkb, srid)",5594,todo,
sql/connect/functions/builtin.py,function,,st_setsrid,"(geo, srid)",5608,todo,
sql/connect/functions/builtin.py,function,,st_srid,(geo),5617,todo,
sql/connect/functions/builtin.py,function,,call_udf,"(udfName, *cols)",5627,verified,functions.rs golden-verified
sql/connect/functions/builtin.py,function,,unwrap_udt,(col),5634,verified,functions.rs golden-verified
sql/connect/functions/builtin.py,function,,udf,"(f, returnType, *, useArrow)",5641,todo,
sql/connect/functions/builtin.py,function,,udtf,"(cls, *, returnType, useArrow)",5663,todo,
sql/connect/functions/builtin.py,function,,arrow_udtf,"(cls, *, returnType)",5678,todo,
sql/connect/functions/builtin.py,function,,call_function,"(funcName, *cols)",5692,verified,functions.rs golden-verified
sql/connect/functions/builtin.py,function,,vector_cosine_similarity,"(left, right)",5705,todo,
sql/connect/functions/builtin.py,function,,vector_inner_product,"(left, right)",5712,todo,
sql/connect/functions/builtin.py,function,,vector_l2_distance,"(left, right)",5719,todo,
sql/connect/functions/builtin.py,function,,vector_norm,"(vector, degree)",5726,todo,
sql/connect/functions/builtin.py,function,,vector_normalize,"(vector, degree)",5736,todo,
sql/connect/functions/builtin.py,function,,vector_avg,(col),5746,todo,
sql/connect/functions/builtin.py,function,,vector_sum,(col),5753,todo,
sql/connect/functions/partitioning.py,function,,bucket,"(numBuckets, col)",29,todo,
sql/connect/functions/partitioning.py,function,,years,(col),50,todo,
sql/connect/functions/partitioning.py,function,,months,(col),57,todo,
sql/connect/functions/partitioning.py,function,,days,(col),64,todo,
sql/connect/functions/partitioning.py,function,,hours,(col),71,todo,
sql/connect/group.py,class,,GroupedData,,56,todo,
sql/connect/group.py,method,GroupedData,__init__,"(self, df, group_type, grouping_cols, pivot_col, pivot_values, grouping_sets)",57,todo,
sql/connect/group.py,method,GroupedData,__repr__,(self),98,todo,
sql/connect/group.py,method,GroupedData,agg,"(self, *exprs)",120,done,group.rs
sql/connect/group.py,method,GroupedData,agg,"(self, __exprs)",123,done,group.rs
sql/connect/group.py,method,GroupedData,agg,"(self, *exprs)",125,done,group.rs
sql/connect/group.py,method,GroupedData,min,"(self, *cols)",189,done,group.rs
sql/connect/group.py,method,GroupedData,max,"(self, *cols)",194,done,group.rs
sql/connect/group.py,method,GroupedData,sum,"(self, *cols)",199,done,group.rs
sql/connect/group.py,method,GroupedData,avg,"(self, *cols)",204,done,group.rs
sql/connect/group.py,method,GroupedData,count,(self),211,done,group.rs
sql/connect/group.py,method,GroupedData,pivot,"(self, pivot_col, values)",216,todo,
sql/connect/group.py,method,GroupedData,apply,"(self, udf)",270,todo,
sql/connect/group.py,method,GroupedData,applyInPandas,"(self, func, schema)",296,todo,
sql/connect/group.py,method,GroupedData,applyInPandasWithState,"(self, func, outputStructType, stateStructType, outputMode, timeoutConf)",337,todo,
sql/connect/group.py,method,GroupedData,transformWithStateInPandas,"(self, statefulProcessor, outputStructType, outputMode, timeMode, initialState, eventTimeColumnName)",381,todo,
sql/connect/group.py,method,GroupedData,transformWithState,"(self, statefulProcessor, outputStructType, outputMode, timeMode, initialState, eventTimeColumnName)",433,todo,
sql/connect/group.py,method,GroupedData,applyInArrow,"(self, func, schema)",485,todo,
sql/connect/group.py,method,GroupedData,cogroup,"(self, other)",524,todo,
sql/connect/group.py,class,,PandasCogroupedOps,,533,todo,
sql/connect/group.py,method,PandasCogroupedOps,__init__,"(self, gd1, gd2)",534,todo,
sql/connect/group.py,method,PandasCogroupedOps,applyInPandas,"(self, func, schema)",539,todo,
sql/connect/group.py,method,PandasCogroupedOps,applyInArrow,"(self, func, schema)",570,todo,
sql/connect/logging.py,function,,configureLogging,(level),27,todo,
sql/connect/logging.py,function,,getLogLevel,(),56,todo,
sql/connect/merge.py,class,,MergeIntoWriter,,57,todo,
sql/connect/merge.py,method,MergeIntoWriter,__init__,"(self, plan, session, table, condition, callback)",58,todo,
sql/connect/merge.py,method,MergeIntoWriter,whenMatched,"(self, condition)",77,todo,
sql/connect/merge.py,method,MergeIntoWriter,whenNotMatched,"(self, condition)",82,todo,
sql/connect/merge.py,method,MergeIntoWriter,whenNotMatchedBySource,"(self, condition)",89,todo,
sql/connect/merge.py,method,MergeIntoWriter,withSchemaEvolution,(self),96,todo,
sql/connect/merge.py,method,MergeIntoWriter,merge,(self),102,todo,
sql/connect/observation.py,class,,Observation,,34,done,observation.rs
sql/connect/observation.py,method,Observation,__init__,"(self, name)",35,done,observation.rs
sql/connect/observation.py,method,Observation,get,(self),80,done,observation.rs
sql/connect/plan.py,class,,LogicalPlan,,68,verified,plan.rs golden-verified (46 plans)
sql/connect/plan.py,method,LogicalPlan,__init__,"(self, child, references)",74,verified,plan.rs golden-verified (46 plans)
sql/connect/plan.py,method,LogicalPlan,plan,"(self, session)",114,verified,plan.rs golden-verified (46 plans)
sql/connect/plan.py,method,LogicalPlan,command,"(self, session)",117,verified,plan.rs golden-verified (46 plans)
sql/connect/plan.py,method,LogicalPlan,to_proto,"(self, session, debug)",132,verified,plan.rs golden-verified (46 plans)
sql/connect/plan.py,method,LogicalPlan,observations,(self),153,verified,plan.rs golden-verified (46 plans)
sql/connect/plan.py,method,LogicalPlan,print,"(self, indent)",268,verified,plan.rs golden-verified (46 plans)
sql/connect/plan.py,class,,DataSource,,321,verified,plan.rs golden-verified (46 plans)
sql/connect/plan.py,method,DataSource,__init__,"(self, format, schema, options, paths, predicates, is_streaming, source_name)",324,verified,plan.rs golden-verified (46 plans)
sql/connect/plan.py,method,DataSource,plan,"(self, session)",366,verified,plan.rs golden-verified (46 plans)
sql/connect/plan.py,class,,Parse,,386,todo,
sql/connect/plan.py,method,Parse,__init__,"(self, child, format, schema, options)",389,todo,
sql/connect/plan.py,method,Parse,plan,"(self, session)",401,todo,
sql/connect/plan.py,class,,Read,,420,verified,plan.rs golden-verified (46 plans)
sql/connect/plan.py,method,Read,__init__,"(self, table_name, options, is_streaming)",421,verified,plan.rs golden-verified (46 plans)
sql/connect/plan.py,method,Read,plan,"(self, session)",432,verified,plan.rs golden-verified (46 plans)
sql/connect/plan.py,method,Read,print,"(self, indent)",441,verified,plan.rs golden-verified (46 plans)
sql/connect/plan.py,class,,RelationChanges,,445,todo,
sql/connect/plan.py,method,RelationChanges,__init__,"(self, table_name, options, is_streaming)",446,todo,
sql/connect/plan.py,method,RelationChanges,plan,"(self, session)",457,todo,
sql/connect/plan.py,method,RelationChanges,print,"(self, indent)",466,todo,
sql/connect/plan.py,class,,LocalRelation,,470,verified,plan.rs golden-verified (46 plans)
sql/connect/plan.py,method,LocalRelation,__init__,"(self, table, schema)",473,verified,plan.rs golden-verified (46 plans)
sql/connect/plan.py,method,LocalRelation,plan,"(self, session)",491,verified,plan.rs golden-verified (46 plans)
sql/connect/plan.py,method,LocalRelation,serialize,"(self, session)",569,verified,plan.rs golden-verified (46 plans)
sql/connect/plan.py,method,LocalRelation,print,"(self, indent)",573,verified,plan.rs golden-verified (46 plans)
sql/connect/plan.py,class,,ChunkedCachedLocalRelation,,584,todo,
sql/connect/plan.py,method,ChunkedCachedLocalRelation,__init__,"(self, data_hashes, schema_hash)",587,todo,
sql/connect/plan.py,method,ChunkedCachedLocalRelation,plan,"(self, session)",593,todo,
sql/connect/plan.py,method,ChunkedCachedLocalRelation,print,"(self, indent)",605,todo,
sql/connect/plan.py,class,,ShowString,,616,todo,
sql/connect/plan.py,method,ShowString,__init__,"(self, child, num_rows, truncate, vertical)",617,todo,
sql/connect/plan.py,method,ShowString,plan,"(self, session)",625,todo,
sql/connect/plan.py,class,,HtmlString,,635,todo,
sql/connect/plan.py,method,HtmlString,__init__,"(self, child, num_rows, truncate)",636,todo,
sql/connect/plan.py,method,HtmlString,plan,"(self, session)",641,todo,
sql/connect/plan.py,class,,Project,,650,verified,plan.rs golden-verified (46 plans)
sql/connect/plan.py,method,Project,__init__,"(self, child, columns)",661,verified,plan.rs golden-verified (46 plans)
sql/connect/plan.py,method,Project,plan,"(self, session)",670,verified,plan.rs golden-verified (46 plans)
sql/connect/plan.py,class,,WithColumns,,679,verified,plan.rs golden-verified (46 plans)
sql/connect/plan.py,method,WithColumns,__init__,"(self, child, columnNames, columns, metadata)",682,verified,plan.rs golden-verified (46 plans)
sql/connect/plan.py,method,WithColumns,plan,"(self, session)",711,verified,plan.rs golden-verified (46 plans)
sql/connect/plan.py,class,,WithWatermark,,727,todo,
sql/connect/plan.py,method,WithWatermark,__init__,"(self, child, event_time, delay_threshold)",730,todo,
sql/connect/plan.py,method,WithWatermark,plan,"(self, session)",735,todo,
sql/connect/plan.py,class,,CachedRemoteRelation,,744,verified,plan.rs golden-verified (46 plans)
sql/connect/plan.py,method,CachedRemoteRelation,__init__,"(self, relation_id, spark_session)",748,verified,plan.rs golden-verified (46 plans)
sql/connect/plan.py,method,CachedRemoteRelation,plan,"(self, session)",754,verified,plan.rs golden-verified (46 plans)
sql/connect/plan.py,method,CachedRemoteRelation,__del__,(self),759,verified,plan.rs golden-verified (46 plans)
sql/connect/plan.py,class,,Hint,,793,verified,plan.rs golden-verified (46 plans)
sql/connect/plan.py,method,Hint,__init__,"(self, child, name, parameters)",796,verified,plan.rs golden-verified (46 plans)
sql/connect/plan.py,method,Hint,plan,"(self, session)",812,verified,plan.rs golden-verified (46 plans)
sql/connect/plan.py,class,,Filter,,821,verified,plan.rs golden-verified (46 plans)
sql/connect/plan.py,method,Filter,__init__,"(self, child, filter)",822,verified,plan.rs golden-verified (46 plans)
sql/connect/plan.py,method,Filter,plan,"(self, session)",826,verified,plan.rs golden-verified (46 plans)
sql/connect/plan.py,class,,Limit,,834,verified,plan.rs golden-verified (46 plans)
sql/connect/plan.py,method,Limit,__init__,"(self, child, limit)",835,verified,plan.rs golden-verified (46 plans)
sql/connect/plan.py,method,Limit,plan,"(self, session)",839,verified,plan.rs golden-verified (46 plans)
sql/connect/plan.py,class,,Tail,,847,verified,plan.rs golden-verified (46 plans)
sql/connect/plan.py,method,Tail,__init__,"(self, child, limit)",848,verified,plan.rs golden-verified (46 plans)
sql/connect/plan.py,method,Tail,plan,"(self, session)",852,verified,plan.rs golden-verified (46 plans)
sql/connect/plan.py,class,,Offset,,860,verified,plan.rs golden-verified (46 plans)
sql/connect/plan.py,method,Offset,__init__,"(self, child, offset)",861,verified,plan.rs golden-verified (46 plans)
sql/connect/plan.py,method,Offset,plan,"(self, session)",865,verified,plan.rs golden-verified (46 plans)
sql/connect/plan.py,class,,Deduplicate,,873,verified,plan.rs golden-verified (46 plans)
sql/connect/plan.py,method,Deduplicate,__init__,"(self, child, all_columns_as_keys, column_names, within_watermark)",874,verified,plan.rs golden-verified (46 plans)
sql/connect/plan.py,method,Deduplicate,plan,"(self, session)",886,verified,plan.rs golden-verified (46 plans)
sql/connect/plan.py,class,,Sort,,897,verified,plan.rs golden-verified (46 plans)
sql/connect/plan.py,method,Sort,__init__,"(self, child, columns, is_global)",898,verified,plan.rs golden-verified (46 plans)
sql/connect/plan.py,method,Sort,plan,"(self, session)",911,verified,plan.rs golden-verified (46 plans)
sql/connect/plan.py,class,,Drop,,920,verified,plan.rs golden-verified (46 plans)
sql/connect/plan.py,method,Drop,__init__,"(self, child, columns)",921,verified,plan.rs golden-verified (46 plans)
sql/connect/plan.py,method,Drop,plan,"(self, session)",934,verified,plan.rs golden-verified (46 plans)
sql/connect/plan.py,class,,Sample,,946,verified,plan.rs golden-verified (46 plans)
sql/connect/plan.py,method,Sample,__init__,"(self, child, lower_bound, upper_bound, with_replacement, seed, deterministic_order)",947,verified,plan.rs golden-verified (46 plans)
sql/connect/plan.py,method,Sample,plan,"(self, session)",963,verified,plan.rs golden-verified (46 plans)
sql/connect/plan.py,class,,Aggregate,,975,verified,plan.rs golden-verified (46 plans)
sql/connect/plan.py,method,Aggregate,__init__,"(self, child, group_type, grouping_cols, aggregate_cols, pivot_col, pivot_values, grouping_sets)",976,verified,plan.rs golden-verified (46 plans)
sql/connect/plan.py,method,Aggregate,plan,"(self, session)",1027,verified,plan.rs golden-verified (46 plans)
sql/connect/plan.py,class,,Join,,1064,verified,plan.rs golden-verified (46 plans)
sql/connect/plan.py,method,Join,__init__,"(self, left, right, on, how)",1065,verified,plan.rs golden-verified (46 plans)
sql/connect/plan.py,method,Join,plan,"(self, session)",1136,verified,plan.rs golden-verified (46 plans)
sql/connect/plan.py,method,Join,observations,(self),1156,verified,plan.rs golden-verified (46 plans)
sql/connect/plan.py,method,Join,print,"(self, indent)",1159,verified,plan.rs golden-verified (46 plans)
sql/connect/plan.py,class,,AsOfJoin,,1180,todo,
sql/connect/plan.py,method,AsOfJoin,__init__,"(self, left, right, left_as_of, right_as_of, on, how, tolerance, allow_exact_matches, direction)",1181,todo,
sql/connect/plan.py,method,AsOfJoin,plan,"(self, session)",1217,todo,
sql/connect/plan.py,method,AsOfJoin,observations,(self),1249,todo,
sql/connect/plan.py,method,AsOfJoin,print,"(self, indent)",1252,todo,
sql/connect/plan.py,class,,LateralJoin,,1280,todo,
sql/connect/plan.py,method,LateralJoin,__init__,"(self, left, right, on, how)",1281,todo,
sql/connect/plan.py,method,LateralJoin,plan,"(self, session)",1314,todo,
sql/connect/plan.py,method,LateralJoin,observations,(self),1324,todo,
sql/connect/plan.py,method,LateralJoin,print,"(self, indent)",1327,todo,
sql/connect/plan.py,class,,NearestByJoin,,1357,todo,
sql/connect/plan.py,method,NearestByJoin,__init__,"(self, left, right, ranking_expression, num_results, join_type, mode, direction)",1358,todo,
sql/connect/plan.py,method,NearestByJoin,plan,"(self, session)",1413,todo,
sql/connect/plan.py,method,NearestByJoin,observations,(self),1425,todo,
sql/connect/plan.py,method,NearestByJoin,print,"(self, indent)",1428,todo,
sql/connect/plan.py,class,,Zip,,1450,todo,
sql/connect/plan.py,method,Zip,__init__,"(self, left, right)",1451,todo,
sql/connect/plan.py,method,Zip,plan,"(self, session)",1456,todo,
sql/connect/plan.py,method,Zip,observations,(self),1463,todo,
sql/connect/plan.py,method,Zip,print,"(self, indent)",1466,todo,
sql/connect/plan.py,class,,SetOperation,,1484,verified,plan.rs golden-verified (46 plans)
sql/connect/plan.py,method,SetOperation,__init__,"(self, child, other, set_op, is_all, by_name, allow_missing_columns)",1485,verified,plan.rs golden-verified (46 plans)
sql/connect/plan.py,method,SetOperation,plan,"(self, session)",1501,verified,plan.rs golden-verified (46 plans)
sql/connect/plan.py,method,SetOperation,observations,(self),1526,verified,plan.rs golden-verified (46 plans)
sql/connect/plan.py,method,SetOperation,print,"(self, indent)",1532,verified,plan.rs golden-verified (46 plans)
sql/connect/plan.py,class,,Repartition,,1559,verified,plan.rs golden-verified (46 plans)
sql/connect/plan.py,method,Repartition,__init__,"(self, child, num_partitions, shuffle)",1562,verified,plan.rs golden-verified (46 plans)
sql/connect/plan.py,method,Repartition,plan,"(self, session)",1567,verified,plan.rs golden-verified (46 plans)
sql/connect/plan.py,class,,RepartitionByExpression,,1576,verified,plan.rs golden-verified (46 plans)
sql/connect/plan.py,method,RepartitionByExpression,__init__,"(self, child, num_partitions, columns)",1579,verified,plan.rs golden-verified (46 plans)
sql/connect/plan.py,method,RepartitionByExpression,plan,"(self, session)",1590,verified,plan.rs golden-verified (46 plans)
sql/connect/plan.py,class,,SubqueryAlias,,1603,verified,plan.rs golden-verified (46 plans)
sql/connect/plan.py,method,SubqueryAlias,__init__,"(self, child, alias)",1606,verified,plan.rs golden-verified (46 plans)
sql/connect/plan.py,method,SubqueryAlias,plan,"(self, session)",1610,verified,plan.rs golden-verified (46 plans)
sql/connect/plan.py,class,,WithRelations,,1618,todo,
sql/connect/plan.py,method,WithRelations,__init__,"(self, child, references)",1619,todo,
sql/connect/plan.py,method,WithRelations,plan,"(self, session)",1629,todo,
sql/connect/plan.py,class,,SQL,,1638,verified,plan.rs golden-verified (46 plans)
sql/connect/plan.py,method,SQL,__init__,"(self, query, args, named_args, views)",1639,verified,plan.rs golden-verified (46 plans)
sql/connect/plan.py,method,SQL,plan,"(self, session)",1666,verified,plan.rs golden-verified (46 plans)
sql/connect/plan.py,method,SQL,command,"(self, session)",1678,verified,plan.rs golden-verified (46 plans)
sql/connect/plan.py,class,,Range,,1684,verified,plan.rs golden-verified (46 plans)
sql/connect/plan.py,method,Range,__init__,"(self, start, end, step, num_partitions)",1685,verified,plan.rs golden-verified (46 plans)
sql/connect/plan.py,method,Range,plan,"(self, session)",1698,verified,plan.rs golden-verified (46 plans)
sql/connect/plan.py,class,,ToSchema,,1708,verified,plan.rs golden-verified (46 plans)
sql/connect/plan.py,method,ToSchema,__init__,"(self, child, schema)",1709,verified,plan.rs golden-verified (46 plans)
sql/connect/plan.py,method,ToSchema,plan,"(self, session)",1713,verified,plan.rs golden-verified (46 plans)
sql/connect/plan.py,class,,WithColumnsRenamed,,1721,verified,plan.rs golden-verified (46 plans)
sql/connect/plan.py,method,WithColumnsRenamed,__init__,"(self, child, colsMap)",1722,verified,plan.rs golden-verified (46 plans)
sql/connect/plan.py,method,WithColumnsRenamed,plan,"(self, session)",1726,verified,plan.rs golden-verified (46 plans)
sql/connect/plan.py,class,,Unpivot,,1739,verified,plan.rs golden-verified (46 plans)
sql/connect/plan.py,method,Unpivot,__init__,"(self, child, ids, values, variable_column_name, value_column_name)",1742,verified,plan.rs golden-verified (46 plans)
sql/connect/plan.py,method,Unpivot,plan,"(self, session)",1756,verified,plan.rs golden-verified (46 plans)
sql/connect/plan.py,class,,Transpose,,1768,todo,
sql/connect/plan.py,method,Transpose,__init__,"(self, child, index_columns)",1771,todo,
sql/connect/plan.py,method,Transpose,plan,"(self, session)",1779,todo,
sql/connect/plan.py,class,,UnresolvedTableValuedFunction,,1789,todo,
sql/connect/plan.py,method,UnresolvedTableValuedFunction,__init__,"(self, name, args)",1790,todo,
sql/connect/plan.py,method,UnresolvedTableValuedFunction,plan,"(self, session)",1795,todo,
sql/connect/plan.py,class,,CollectMetrics,,1803,todo,
sql/connect/plan.py,method,CollectMetrics,__init__,"(self, child, observation, exprs)",1806,todo,
sql/connect/plan.py,method,CollectMetrics,plan,"(self, session)",1817,todo,
sql/connect/plan.py,method,CollectMetrics,observations,(self),1830,todo,
sql/connect/plan.py,class,,NAFill,,1840,verified,plan.rs golden-verified (46 plans)
sql/connect/plan.py,method,NAFill,__init__,"(self, child, cols, values)",1841,verified,plan.rs golden-verified (46 plans)
sql/connect/plan.py,method,NAFill,plan,"(self, session)",1872,verified,plan.rs golden-verified (46 plans)
sql/connect/plan.py,class,,NADrop,,1882,verified,plan.rs golden-verified (46 plans)
sql/connect/plan.py,method,NADrop,__init__,"(self, child, cols, min_non_nulls)",1883,verified,plan.rs golden-verified (46 plans)
sql/connect/plan.py,method,NADrop,plan,"(self, session)",1894,verified,plan.rs golden-verified (46 plans)
sql/connect/plan.py,class,,NAReplace,,1905,verified,plan.rs golden-verified (46 plans)
sql/connect/plan.py,method,NAReplace,__init__,"(self, child, cols, replacements)",1906,verified,plan.rs golden-verified (46 plans)
sql/connect/plan.py,method,NAReplace,plan,"(self, session)",1921,verified,plan.rs golden-verified (46 plans)
sql/connect/plan.py,class,,StatSummary,,1936,verified,plan.rs golden-verified (46 plans)
sql/connect/plan.py,method,StatSummary,__init__,"(self, child, statistics)",1937,verified,plan.rs golden-verified (46 plans)
sql/connect/plan.py,method,StatSummary,plan,"(self, session)",1941,verified,plan.rs golden-verified (46 plans)
sql/connect/plan.py,class,,StatDescribe,,1949,verified,plan.rs golden-verified (46 plans)
sql/connect/plan.py,method,StatDescribe,__init__,"(self, child, cols)",1950,verified,plan.rs golden-verified (46 plans)
sql/connect/plan.py,method,StatDescribe,plan,"(self, session)",1954,verified,plan.rs golden-verified (46 plans)
sql/connect/plan.py,class,,StatCov,,1962,todo,
sql/connect/plan.py,method,StatCov,__init__,"(self, child, col1, col2)",1963,todo,
sql/connect/plan.py,method,StatCov,plan,"(self, session)",1968,todo,
sql/connect/plan.py,class,,StatApproxQuantile,,1977,todo,
sql/connect/plan.py,method,StatApproxQuantile,__init__,"(self, child, cols, probabilities, relativeError)",1978,todo,
sql/connect/plan.py,method,StatApproxQuantile,plan,"(self, session)",1990,todo,
sql/connect/plan.py,class,,StatCrosstab,,2000,todo,
sql/connect/plan.py,method,StatCrosstab,__init__,"(self, child, col1, col2)",2001,todo,
sql/connect/plan.py,method,StatCrosstab,plan,"(self, session)",2006,todo,
sql/connect/plan.py,class,,StatFreqItems,,2015,todo,
sql/connect/plan.py,method,StatFreqItems,__init__,"(self, child, cols, support)",2016,todo,
sql/connect/plan.py,method,StatFreqItems,plan,"(self, session)",2026,todo,
sql/connect/plan.py,class,,StatSampleBy,,2035,todo,
sql/connect/plan.py,method,StatSampleBy,__init__,"(self, child, col, fractions, seed)",2036,todo,
sql/connect/plan.py,method,StatSampleBy,plan,"(self, session)",2062,todo,
sql/connect/plan.py,class,,StatCorr,,2077,todo,
sql/connect/plan.py,method,StatCorr,__init__,"(self, child, col1, col2, method)",2078,todo,
sql/connect/plan.py,method,StatCorr,plan,"(self, session)",2084,todo,
sql/connect/plan.py,class,,ToDF,,2094,verified,plan.rs golden-verified (46 plans)
sql/connect/plan.py,method,ToDF,__init__,"(self, child, cols)",2095,verified,plan.rs golden-verified (46 plans)
sql/connect/plan.py,method,ToDF,plan,"(self, session)",2099,verified,plan.rs golden-verified (46 plans)
sql/connect/plan.py,class,,CreateView,,2107,todo,
sql/connect/plan.py,method,CreateView,__init__,"(self, child, name, is_global, replace)",2108,todo,
sql/connect/plan.py,method,CreateView,command,"(self, session)",2116,todo,
sql/connect/plan.py,class,,WriteOperation,,2127,todo,
sql/connect/plan.py,method,WriteOperation,__init__,"(self, child)",2128,todo,
sql/connect/plan.py,method,WriteOperation,command,"(self, session)",2143,todo,
sql/connect/plan.py,method,WriteOperation,print,"(self, indent)",2200,todo,
sql/connect/plan.py,class,,WriteOperationV2,,2234,todo,
sql/connect/plan.py,method,WriteOperationV2,__init__,"(self, child, table_name)",2235,todo,
sql/connect/plan.py,method,WriteOperationV2,command,"(self, session)",2247,todo,
sql/connect/plan.py,class,,WriteStreamOperation,,2300,todo,
sql/connect/plan.py,method,WriteStreamOperation,__init__,"(self, child)",2301,todo,
sql/connect/plan.py,method,WriteStreamOperation,command,"(self, session)",2305,todo,
sql/connect/plan.py,class,,RemoveRemoteCachedRelation,,2313,todo,
sql/connect/plan.py,method,RemoveRemoteCachedRelation,__init__,"(self, relation)",2314,todo,
sql/connect/plan.py,method,RemoveRemoteCachedRelation,command,"(self, session)",2318,todo,
sql/connect/plan.py,class,,Checkpoint,,2326,todo,
sql/connect/plan.py,method,Checkpoint,__init__,"(self, child, local, eager, storage_level)",2327,todo,
sql/connect/plan.py,method,Checkpoint,command,"(self, session)",2339,todo,
sql/connect/plan.py,class,,CurrentDatabase,,2354,todo,
sql/connect/plan.py,method,CurrentDatabase,__init__,(self),2355,todo,
sql/connect/plan.py,method,CurrentDatabase,plan,"(self, session)",2358,todo,
sql/connect/plan.py,class,,SetCurrentDatabase,,2364,todo,
sql/connect/plan.py,method,SetCurrentDatabase,__init__,"(self, db_name)",2365,todo,
sql/connect/plan.py,method,SetCurrentDatabase,plan,"(self, session)",2369,todo,
sql/connect/plan.py,class,,ListDatabases,,2375,todo,
sql/connect/plan.py,method,ListDatabases,__init__,"(self, pattern)",2376,todo,
sql/connect/plan.py,method,ListDatabases,plan,"(self, session)",2380,todo,
sql/connect/plan.py,class,,ListTables,,2388,todo,
sql/connect/plan.py,method,ListTables,__init__,"(self, db_name, pattern)",2389,todo,
sql/connect/plan.py,method,ListTables,plan,"(self, session)",2394,todo,
sql/connect/plan.py,class,,ListFunctions,,2404,todo,
sql/connect/plan.py,method,ListFunctions,__init__,"(self, db_name, pattern)",2405,todo,
sql/connect/plan.py,method,ListFunctions,plan,"(self, session)",2410,todo,
sql/connect/plan.py,class,,ListColumns,,2420,todo,
sql/connect/plan.py,method,ListColumns,__init__,"(self, table_name, db_name)",2421,todo,
sql/connect/plan.py,method,ListColumns,plan,"(self, session)",2426,todo,
sql/connect/plan.py,class,,GetDatabase,,2434,todo,
sql/connect/plan.py,method,GetDatabase,__init__,"(self, db_name)",2435,todo,
sql/connect/plan.py,method,GetDatabase,plan,"(self, session)",2439,todo,
sql/connect/plan.py,class,,GetTable,,2445,todo,
sql/connect/plan.py,method,GetTable,__init__,"(self, table_name, db_name)",2446,todo,
sql/connect/plan.py,method,GetTable,plan,"(self, session)",2451,todo,
sql/connect/plan.py,class,,GetFunction,,2459,todo,
sql/connect/plan.py,method,GetFunction,__init__,"(self, function_name, db_name)",2460,todo,
sql/connect/plan.py,method,GetFunction,plan,"(self, session)",2465,todo,
sql/connect/plan.py,class,,DatabaseExists,,2473,todo,
sql/connect/plan.py,method,DatabaseExists,__init__,"(self, db_name)",2474,todo,
sql/connect/plan.py,method,DatabaseExists,plan,"(self, session)",2478,todo,
sql/connect/plan.py,class,,TableExists,,2484,todo,
sql/connect/plan.py,method,TableExists,__init__,"(self, table_name, db_name)",2485,todo,
sql/connect/plan.py,method,TableExists,plan,"(self, session)",2490,todo,
sql/connect/plan.py,class,,FunctionExists,,2498,todo,
sql/connect/plan.py,method,FunctionExists,__init__,"(self, function_name, db_name)",2499,todo,
sql/connect/plan.py,method,FunctionExists,plan,"(self, session)",2504,todo,
sql/connect/plan.py,class,,CreateTable,,2512,todo,
sql/connect/plan.py,method,CreateTable,__init__,"(self, table_name, path, source, description, schema, options)",2513,todo,
sql/connect/plan.py,method,CreateTable,plan,"(self, session)",2530,todo,
sql/connect/plan.py,class,,DropTempView,,2548,todo,
sql/connect/plan.py,method,DropTempView,__init__,"(self, view_name)",2549,todo,
sql/connect/plan.py,method,DropTempView,plan,"(self, session)",2553,todo,
sql/connect/plan.py,class,,DropGlobalTempView,,2559,todo,
sql/connect/plan.py,method,DropGlobalTempView,__init__,"(self, view_name)",2560,todo,
sql/connect/plan.py,method,DropGlobalTempView,plan,"(self, session)",2564,todo,
sql/connect/plan.py,class,,RecoverPartitions,,2570,todo,
sql/connect/plan.py,method,RecoverPartitions,__init__,"(self, table_name)",2571,todo,
sql/connect/plan.py,method,RecoverPartitions,plan,"(self, session)",2575,todo,
sql/connect/plan.py,class,,IsCached,,2581,todo,
sql/connect/plan.py,method,IsCached,__init__,"(self, table_name)",2582,todo,
sql/connect/plan.py,method,IsCached,plan,"(self, session)",2586,todo,
sql/connect/plan.py,class,,CacheTable,,2592,todo,
sql/connect/plan.py,method,CacheTable,__init__,"(self, table_name, storage_level)",2593,todo,
sql/connect/plan.py,method,CacheTable,plan,"(self, session)",2598,todo,
sql/connect/plan.py,class,,UncacheTable,,2607,todo,
sql/connect/plan.py,method,UncacheTable,__init__,"(self, table_name)",2608,todo,
sql/connect/plan.py,method,UncacheTable,plan,"(self, session)",2612,todo,
sql/connect/plan.py,class,,ClearCache,,2618,todo,
sql/connect/plan.py,method,ClearCache,__init__,(self),2619,todo,
sql/connect/plan.py,method,ClearCache,plan,"(self, session)",2622,todo,
sql/connect/plan.py,class,,RefreshTable,,2628,todo,
sql/connect/plan.py,method,RefreshTable,__init__,"(self, table_name)",2629,todo,
sql/connect/plan.py,method,RefreshTable,plan,"(self, session)",2633,todo,
sql/connect/plan.py,class,,RefreshByPath,,2639,todo,
sql/connect/plan.py,method,RefreshByPath,__init__,"(self, path)",2640,todo,
sql/connect/plan.py,method,RefreshByPath,plan,"(self, session)",2644,todo,
sql/connect/plan.py,class,,CurrentCatalog,,2650,todo,
sql/connect/plan.py,method,CurrentCatalog,__init__,(self),2651,todo,
sql/connect/plan.py,method,CurrentCatalog,plan,"(self, session)",2654,todo,
sql/connect/plan.py,class,,SetCurrentCatalog,,2660,todo,
sql/connect/plan.py,method,SetCurrentCatalog,__init__,"(self, catalog_name)",2661,todo,
sql/connect/plan.py,method,SetCurrentCatalog,plan,"(self, session)",2665,todo,
sql/connect/plan.py,class,,ListCatalogs,,2671,todo,
sql/connect/plan.py,method,ListCatalogs,__init__,"(self, pattern)",2672,todo,
sql/connect/plan.py,method,ListCatalogs,plan,"(self, session)",2676,todo,
sql/connect/plan.py,class,,DropTable,,2684,todo,
sql/connect/plan.py,method,DropTable,__init__,"(self, table_name, if_exists, purge)",2685,todo,
sql/connect/plan.py,method,DropTable,plan,"(self, session)",2691,todo,
sql/connect/plan.py,class,,DropView,,2703,todo,
sql/connect/plan.py,method,DropView,__init__,"(self, view_name, if_exists)",2704,todo,
sql/connect/plan.py,method,DropView,plan,"(self, session)",2709,todo,
sql/connect/plan.py,class,,CreateDatabase,,2717,todo,
sql/connect/plan.py,method,CreateDatabase,__init__,"(self, db_name, if_not_exists, properties)",2718,todo,
sql/connect/plan.py,method,CreateDatabase,plan,"(self, session)",2729,todo,
sql/connect/plan.py,class,,DropDatabase,,2741,todo,
sql/connect/plan.py,method,DropDatabase,__init__,"(self, db_name, if_exists, cascade)",2742,todo,
sql/connect/plan.py,method,DropDatabase,plan,"(self, session)",2748,todo,
sql/connect/plan.py,class,,ListPartitions,,2760,todo,
sql/connect/plan.py,method,ListPartitions,__init__,"(self, table_name)",2761,todo,
sql/connect/plan.py,method,ListPartitions,plan,"(self, session)",2765,todo,
sql/connect/plan.py,class,,ListViews,,2771,todo,
sql/connect/plan.py,method,ListViews,__init__,"(self, db_name, pattern)",2772,todo,
sql/connect/plan.py,method,ListViews,plan,"(self, session)",2777,todo,
sql/connect/plan.py,class,,GetTableProperties,,2787,todo,
sql/connect/plan.py,method,GetTableProperties,__init__,"(self, table_name)",2788,todo,
sql/connect/plan.py,method,GetTableProperties,plan,"(self, session)",2792,todo,
sql/connect/plan.py,class,,GetCreateTableString,,2798,todo,
sql/connect/plan.py,method,GetCreateTableString,__init__,"(self, table_name, as_serde)",2799,todo,
sql/connect/plan.py,method,GetCreateTableString,plan,"(self, session)",2804,todo,
sql/connect/plan.py,class,,TruncateTable,,2811,todo,
sql/connect/plan.py,method,TruncateTable,__init__,"(self, table_name)",2812,todo,
sql/connect/plan.py,method,TruncateTable,plan,"(self, session)",2816,todo,
sql/connect/plan.py,class,,AnalyzeTable,,2822,todo,
sql/connect/plan.py,method,AnalyzeTable,__init__,"(self, table_name, no_scan)",2823,todo,
sql/connect/plan.py,method,AnalyzeTable,plan,"(self, session)",2828,todo,
sql/connect/plan.py,class,,MapPartitions,,2835,todo,
sql/connect/plan.py,method,MapPartitions,__init__,"(self, child, function, cols, is_barrier, profile)",2838,todo,
sql/connect/plan.py,method,MapPartitions,plan,"(self, session)",2852,todo,
sql/connect/plan.py,class,,GroupMap,,2863,todo,
sql/connect/plan.py,method,GroupMap,__init__,"(self, child, grouping_cols, function, cols)",2866,todo,
sql/connect/plan.py,method,GroupMap,plan,"(self, session)",2879,todo,
sql/connect/plan.py,class,,CoGroupMap,,2890,todo,
sql/connect/plan.py,method,CoGroupMap,__init__,"(self, input, input_grouping_cols, other, other_grouping_cols, function)",2893,todo,
sql/connect/plan.py,method,CoGroupMap,plan,"(self, session)",2916,todo,
sql/connect/plan.py,class,,ApplyInPandasWithState,,2931,todo,
sql/connect/plan.py,method,ApplyInPandasWithState,__init__,"(self, child, grouping_cols, function, output_schema, state_schema, output_mode, timeout_conf, cols)",2934,todo,
sql/connect/plan.py,method,ApplyInPandasWithState,plan,"(self, session)",2955,todo,
sql/connect/plan.py,class,,BaseTransformWithStateInPySpark,,2970,todo,
sql/connect/plan.py,method,BaseTransformWithStateInPySpark,__init__,"(self, child, grouping_cols, function, output_schema, output_mode, time_mode, event_time_col_name, cols, initial_state_plan, initial_state_grouping_cols)",2973,todo,
sql/connect/plan.py,method,BaseTransformWithStateInPySpark,plan,"(self, session)",3007,todo,
sql/connect/plan.py,class,,TransformWithStateInPySpark,,3038,todo,
sql/connect/plan.py,class,,TransformWithStateInPandas,,3045,todo,
sql/connect/plan.py,class,,PythonUDTF,,3051,todo,
sql/connect/plan.py,method,PythonUDTF,__init__,"(self, func, return_type, eval_type, python_ver)",3054,todo,
sql/connect/plan.py,method,PythonUDTF,to_plan,"(self, session)",3073,todo,
sql/connect/plan.py,method,PythonUDTF,__repr__,(self),3092,todo,
sql/connect/plan.py,class,,CommonInlineUserDefinedTableFunction,,3098,todo,
sql/connect/plan.py,method,CommonInlineUserDefinedTableFunction,__init__,"(self, function_name, function, deterministic, arguments)",3104,todo,
sql/connect/plan.py,method,CommonInlineUserDefinedTableFunction,plan,"(self, session)",3117,todo,
sql/connect/plan.py,method,CommonInlineUserDefinedTableFunction,udtf_plan,"(self, session)",3130,todo,
sql/connect/plan.py,method,CommonInlineUserDefinedTableFunction,__repr__,(self),3147,todo,
sql/connect/plan.py,class,,PythonDataSource,,3151,todo,
sql/connect/plan.py,method,PythonDataSource,__init__,"(self, data_source, python_ver)",3154,todo,
sql/connect/plan.py,method,PythonDataSource,to_plan,"(self, session)",3158,todo,
sql/connect/plan.py,class,,CommonInlineUserDefinedDataSource,,3165,todo,
sql/connect/plan.py,method,CommonInlineUserDefinedDataSource,__init__,"(self, name, data_source)",3168,todo,
sql/connect/plan.py,method,CommonInlineUserDefinedDataSource,plan,"(self, session)",3173,todo,
sql/connect/plan.py,method,CommonInlineUserDefinedDataSource,to_data_source_proto,"(self, session)",3181,todo,
sql/connect/plan.py,class,,CachedRelation,,3190,todo,
sql/connect/plan.py,method,CachedRelation,__init__,"(self, plan)",3191,todo,
sql/connect/plan.py,method,CachedRelation,plan,"(self, session)",3197,todo,
sql/connect/profiler.py,class,,ConnectProfilerCollector,,25,todo,
sql/connect/profiler.py,method,ConnectProfilerCollector,__init__,(self),30,todo,
sql/connect/proto/base_pb2_grpc.py,class,,SparkConnectServiceStub,,25,todo,
sql/connect/proto/base_pb2_grpc.py,method,SparkConnectServiceStub,__init__,"(self, channel)",28,todo,
sql/connect/proto/base_pb2_grpc.py,class,,SparkConnectServiceServicer,,108,todo,
sql/connect/proto/base_pb2_grpc.py,method,SparkConnectServiceServicer,ExecutePlan,"(self, request, context)",111,todo,
sql/connect/proto/base_pb2_grpc.py,method,SparkConnectServiceServicer,AnalyzePlan,"(self, request, context)",120,todo,
sql/connect/proto/base_pb2_grpc.py,method,SparkConnectServiceServicer,Config,"(self, request, context)",126,todo,
sql/connect/proto/base_pb2_grpc.py,method,SparkConnectServiceServicer,AddArtifacts,"(self, request_iterator, context)",132,todo,
sql/connect/proto/base_pb2_grpc.py,method,SparkConnectServiceServicer,ArtifactStatus,"(self, request, context)",140,todo,
sql/connect/proto/base_pb2_grpc.py,method,SparkConnectServiceServicer,Interrupt,"(self, request, context)",146,todo,
sql/connect/proto/base_pb2_grpc.py,method,SparkConnectServiceServicer,ReattachExecute,"(self, request, context)",152,todo,
sql/connect/proto/base_pb2_grpc.py,method,SparkConnectServiceServicer,ReleaseExecute,"(self, request, context)",162,todo,
sql/connect/proto/base_pb2_grpc.py,method,SparkConnectServiceServicer,ReleaseSession,"(self, request, context)",172,todo,
sql/connect/proto/base_pb2_grpc.py,method,SparkConnectServiceServicer,FetchErrorDetails,"(self, request, context)",182,todo,
sql/connect/proto/base_pb2_grpc.py,method,SparkConnectServiceServicer,CloneSession,"(self, request, context)",188,todo,
sql/connect/proto/base_pb2_grpc.py,method,SparkConnectServiceServicer,GetStatus,"(self, request, context)",202,todo,
sql/connect/proto/base_pb2_grpc.py,function,,add_SparkConnectServiceServicer_to_server,"(servicer, server)",209,todo,
sql/connect/proto/base_pb2_grpc.py,class,,SparkConnectService,,280,todo,
sql/connect/proto/base_pb2_grpc.py,method,SparkConnectService,ExecutePlan,"(request, target, options, channel_credentials, call_credentials, insecure, compression, wait_for_ready, timeout, metadata)",284,todo,
sql/connect/proto/base_pb2_grpc.py,method,SparkConnectService,AnalyzePlan,"(request, target, options, channel_credentials, call_credentials, insecure, compression, wait_for_ready, timeout, metadata)",314,todo,
sql/connect/proto/base_pb2_grpc.py,method,SparkConnectService,Config,"(request, target, options, channel_credentials, call_credentials, insecure, compression, wait_for_ready, timeout, metadata)",344,todo,
sql/connect/proto/base_pb2_grpc.py,method,SparkConnectService,AddArtifacts,"(request_iterator, target, options, channel_credentials, call_credentials, insecure, compression, wait_for_ready, timeout, metadata)",374,todo,
sql/connect/proto/base_pb2_grpc.py,method,SparkConnectService,ArtifactStatus,"(request, target, options, channel_credentials, call_credentials, insecure, compression, wait_for_ready, timeout, metadata)",404,todo,
sql/connect/proto/base_pb2_grpc.py,method,SparkConnectService,Interrupt,"(request, target, options, channel_credentials, call_credentials, insecure, compression, wait_for_ready, timeout, metadata)",434,todo,
sql/connect/proto/base_pb2_grpc.py,method,SparkConnectService,ReattachExecute,"(request, target, options, channel_credentials, call_credentials, insecure, compression, wait_for_ready, timeout, metadata)",464,todo,
sql/connect/proto/base_pb2_grpc.py,method,SparkConnectService,ReleaseExecute,"(request, target, options, channel_credentials, call_credentials, insecure, compression, wait_for_ready, timeout, metadata)",494,todo,
sql/connect/proto/base_pb2_grpc.py,method,SparkConnectService,ReleaseSession,"(request, target, options, channel_credentials, call_credentials, insecure, compression, wait_for_ready, timeout, metadata)",524,todo,
sql/connect/proto/base_pb2_grpc.py,method,SparkConnectService,FetchErrorDetails,"(request, target, options, channel_credentials, call_credentials, insecure, compression, wait_for_ready, timeout, metadata)",554,todo,
sql/connect/proto/base_pb2_grpc.py,method,SparkConnectService,CloneSession,"(request, target, options, channel_credentials, call_credentials, insecure, compression, wait_for_ready, timeout, metadata)",584,todo,
sql/connect/proto/base_pb2_grpc.py,method,SparkConnectService,GetStatus,"(request, target, options, channel_credentials, call_credentials, insecure, compression, wait_for_ready, timeout, metadata)",614,todo,
sql/connect/protobuf/functions.py,function,,from_protobuf,"(data, messageName, descFilePath, options, binaryDescriptorSet)",33,todo,
sql/connect/protobuf/functions.py,function,,to_protobuf,"(data, messageName, descFilePath, options, binaryDescriptorSet)",72,todo,
sql/connect/readwriter.py,class,,OptionUtils,,58,done,readwriter.rs
sql/connect/readwriter.py,class,,DataFrameReader,,74,done,readwriter.rs
sql/connect/readwriter.py,method,DataFrameReader,__init__,"(self, client)",77,done,readwriter.rs
sql/connect/readwriter.py,method,DataFrameReader,format,"(self, source)",83,done,readwriter.rs
sql/connect/readwriter.py,method,DataFrameReader,schema,"(self, schema)",89,done,readwriter.rs
sql/connect/readwriter.py,method,DataFrameReader,option,"(self, key, value)",107,done,readwriter.rs
sql/connect/readwriter.py,method,DataFrameReader,options,"(self, **options)",113,done,readwriter.rs
sql/connect/readwriter.py,method,DataFrameReader,load,"(self, path, format, schema, **options)",120,done,readwriter.rs
sql/connect/readwriter.py,method,DataFrameReader,table,"(self, tableName)",152,done,readwriter.rs
sql/connect/readwriter.py,method,DataFrameReader,changes,"(self, tableName)",157,done,readwriter.rs
sql/connect/readwriter.py,method,DataFrameReader,json,"(self, path, schema, primitivesAsString, prefersDecimal, allowComments, allowUnquotedFieldNames, allowSingleQuotes, allowNumericLeadingZero, allowBackslashEscapingAnyCharacter, mode, columnNameOfCorruptRecord, dateFormat, timestampFormat, multiLine, allowUnquotedControlChars, lineSep, samplingRatio, dropFieldIfAllNull, encoding, locale, pathGlobFilter, recursiveFileLookup, modifiedBefore, modifiedAfter, allowNonNumericNumbers, useUnsafeRow)",168,done,readwriter.rs
sql/connect/readwriter.py,method,DataFrameReader,parquet,"(self, *paths, **options)",254,done,readwriter.rs
sql/connect/readwriter.py,method,DataFrameReader,text,"(self, paths, wholetext, lineSep, pathGlobFilter, recursiveFileLookup, modifiedBefore, modifiedAfter)",276,done,readwriter.rs
sql/connect/readwriter.py,method,DataFrameReader,csv,"(self, path, schema, sep, encoding, quote, escape, comment, header, inferSchema, ignoreLeadingWhiteSpace, ignoreTrailingWhiteSpace, nullValue, nanValue, positiveInf, negativeInf, dateFormat, timestampFormat, maxColumns, maxCharsPerColumn, maxMalformedLogPerPartition, mode, columnNameOfCorruptRecord, multiLine, charToEscapeQuoteEscaping, samplingRatio, enforceSchema, emptyValue, locale, lineSep, pathGlobFilter, recursiveFileLookup, modifiedBefore, modifiedAfter, unescapedQuoteHandling)",301,done,readwriter.rs
sql/connect/readwriter.py,method,DataFrameReader,xml,"(self, path, rowTag, schema, excludeAttribute, attributePrefix, valueTag, ignoreSurroundingSpaces, rowValidationXSDPath, ignoreNamespace, wildcardColName, encoding, inferSchema, nullValue, dateFormat, timestampFormat, mode, columnNameOfCorruptRecord, multiLine, samplingRatio, locale)",394,done,readwriter.rs
sql/connect/readwriter.py,method,DataFrameReader,orc,"(self, path, mergeSchema, pathGlobFilter, recursiveFileLookup, modifiedBefore, modifiedAfter)",469,done,readwriter.rs
sql/connect/readwriter.py,method,DataFrameReader,jdbc,"(self, url, table, *, properties)",492,done,readwriter.rs
sql/connect/readwriter.py,method,DataFrameReader,jdbc,"(self, url, table, column, lowerBound, upperBound, numPartitions, *, properties)",497,done,readwriter.rs
sql/connect/readwriter.py,method,DataFrameReader,jdbc,"(self, url, table, *, predicates, properties)",510,done,readwriter.rs
sql/connect/readwriter.py,method,DataFrameReader,jdbc,"(self, url, table, column, lowerBound, upperBound, numPartitions, predicates, properties)",519,done,readwriter.rs
sql/connect/readwriter.py,class,,DataFrameWriter,,576,done,readwriter.rs
sql/connect/readwriter.py,method,DataFrameWriter,__init__,"(self, plan, session, callback)",577,done,readwriter.rs
sql/connect/readwriter.py,method,DataFrameWriter,mode,"(self, saveMode)",589,done,readwriter.rs
sql/connect/readwriter.py,method,DataFrameWriter,format,"(self, source)",598,done,readwriter.rs
sql/connect/readwriter.py,method,DataFrameWriter,option,"(self, key, value)",604,done,readwriter.rs
sql/connect/readwriter.py,method,DataFrameWriter,options,"(self, **options)",612,done,readwriter.rs
sql/connect/readwriter.py,method,DataFrameWriter,partitionBy,"(self, *cols)",620,done,readwriter.rs
sql/connect/readwriter.py,method,DataFrameWriter,partitionBy,"(self, *cols)",623,done,readwriter.rs
sql/connect/readwriter.py,method,DataFrameWriter,partitionBy,"(self, *cols)",625,done,readwriter.rs
sql/connect/readwriter.py,method,DataFrameWriter,bucketBy,"(self, numBuckets, col, *cols)",635,done,readwriter.rs
sql/connect/readwriter.py,method,DataFrameWriter,bucketBy,"(self, numBuckets, col)",638,done,readwriter.rs
sql/connect/readwriter.py,method,DataFrameWriter,bucketBy,"(self, numBuckets, col, *cols)",640,done,readwriter.rs
sql/connect/readwriter.py,method,DataFrameWriter,sortBy,"(self, col, *cols)",691,done,readwriter.rs
sql/connect/readwriter.py,method,DataFrameWriter,sortBy,"(self, col)",694,done,readwriter.rs
sql/connect/readwriter.py,method,DataFrameWriter,sortBy,"(self, col, *cols)",696,done,readwriter.rs
sql/connect/readwriter.py,method,DataFrameWriter,clusterBy,"(self, *cols)",736,done,readwriter.rs
sql/connect/readwriter.py,method,DataFrameWriter,clusterBy,"(self, *cols)",739,done,readwriter.rs
sql/connect/readwriter.py,method,DataFrameWriter,clusterBy,"(self, *cols)",741,done,readwriter.rs
sql/connect/readwriter.py,method,DataFrameWriter,save,"(self, path, format, mode, partitionBy, **options)",750,done,readwriter.rs
sql/connect/readwriter.py,method,DataFrameWriter,insertInto,"(self, tableName, overwrite)",771,done,readwriter.rs
sql/connect/readwriter.py,method,DataFrameWriter,saveAsTable,"(self, name, format, mode, partitionBy, **options)",783,done,readwriter.rs
sql/connect/readwriter.py,method,DataFrameWriter,json,"(self, path, mode, compression, dateFormat, timestampFormat, lineSep, encoding, ignoreNullFields)",805,done,readwriter.rs
sql/connect/readwriter.py,method,DataFrameWriter,parquet,"(self, path, mode, partitionBy, compression)",829,done,readwriter.rs
sql/connect/readwriter.py,method,DataFrameWriter,text,"(self, path, compression, lineSep)",844,done,readwriter.rs
sql/connect/readwriter.py,method,DataFrameWriter,csv,"(self, path, mode, compression, sep, quote, escape, header, nullValue, escapeQuotes, quoteAll, dateFormat, timestampFormat, ignoreLeadingWhiteSpace, ignoreTrailingWhiteSpace, charToEscapeQuoteEscaping, encoding, emptyValue, lineSep)",852,done,readwriter.rs
sql/connect/readwriter.py,method,DataFrameWriter,xml,"(self, path, rowTag, mode, attributePrefix, valueTag, rootTag, declaration, arrayElementName, nullValue, dateFormat, timestampFormat, compression, encoding, validateName)",896,done,readwriter.rs
sql/connect/readwriter.py,method,DataFrameWriter,orc,"(self, path, mode, partitionBy, compression)",932,done,readwriter.rs
sql/connect/readwriter.py,method,DataFrameWriter,jdbc,"(self, url, table, mode, properties)",947,done,readwriter.rs
sql/connect/readwriter.py,class,,DataFrameWriterV2,,962,done,readwriter.rs
sql/connect/readwriter.py,method,DataFrameWriterV2,__init__,"(self, plan, session, table, callback)",963,done,readwriter.rs
sql/connect/readwriter.py,method,DataFrameWriterV2,using,"(self, provider)",976,done,readwriter.rs
sql/connect/readwriter.py,method,DataFrameWriterV2,option,"(self, key, value)",982,done,readwriter.rs
sql/connect/readwriter.py,method,DataFrameWriterV2,options,"(self, **options)",990,done,readwriter.rs
sql/connect/readwriter.py,method,DataFrameWriterV2,tableProperty,"(self, property, value)",997,done,readwriter.rs
sql/connect/readwriter.py,method,DataFrameWriterV2,partitionedBy,"(self, col, *cols)",1003,done,readwriter.rs
sql/connect/readwriter.py,method,DataFrameWriterV2,clusterBy,"(self, col, *cols)",1009,done,readwriter.rs
sql/connect/readwriter.py,method,DataFrameWriterV2,create,(self),1016,done,readwriter.rs
sql/connect/readwriter.py,method,DataFrameWriterV2,replace,(self),1025,done,readwriter.rs
sql/connect/readwriter.py,method,DataFrameWriterV2,createOrReplace,(self),1034,done,readwriter.rs
sql/connect/readwriter.py,method,DataFrameWriterV2,append,(self),1043,done,readwriter.rs
sql/connect/readwriter.py,method,DataFrameWriterV2,overwrite,"(self, condition)",1052,done,readwriter.rs
sql/connect/readwriter.py,method,DataFrameWriterV2,overwritePartitions,(self),1062,done,readwriter.rs
sql/connect/resource/profile.py,class,,ResourceProfile,,25,todo,
sql/connect/resource/profile.py,method,ResourceProfile,__init__,"(self, exec_req, task_req)",29,todo,
sql/connect/resource/profile.py,method,ResourceProfile,id,(self),68,todo,
sql/connect/session.py,class,,SparkSession,,115,todo,
sql/connect/session.py,method,SparkSession,__init__,"(self, connection, userId, hook_factories)",280,todo,
sql/connect/session.py,method,SparkSession,getActiveSession,(cls),334,verified,session.rs (e2e-tested)
sql/connect/session.py,method,SparkSession,active,(cls),363,todo,
sql/connect/session.py,method,SparkSession,table,"(self, tableName)",376,todo,
sql/connect/session.py,method,SparkSession,read,(self),392,todo,
sql/connect/session.py,method,SparkSession,readStream,(self),398,todo,
sql/connect/session.py,method,SparkSession,tvf,(self),404,todo,
sql/connect/session.py,method,SparkSession,registerProgressHandler,"(self, handler)",411,todo,
sql/connect/session.py,method,SparkSession,removeProgressHandler,"(self, handler)",416,todo,
sql/connect/session.py,method,SparkSession,clearProgressHandlers,(self),421,todo,
sql/connect/session.py,method,SparkSession,createDataFrame,"(self, data, schema, samplingRatio, verifySchema)",467,verified,session.rs (e2e-tested)
sql/connect/session.py,method,SparkSession,emptyDataFrame,"(self, schema)",796,todo,
sql/connect/session.py,method,SparkSession,sql,"(self, sqlQuery, args, **kwargs)",801,verified,session.rs (e2e-tested)
sql/connect/session.py,method,SparkSession,range,"(self, start, end, step, numPartitions)",844,verified,session.rs (e2e-tested)
sql/connect/session.py,method,SparkSession,catalog,(self),870,todo,
sql/connect/session.py,method,SparkSession,__del__,(self),877,todo,
sql/connect/session.py,method,SparkSession,interruptAll,(self),887,todo,
sql/connect/session.py,method,SparkSession,interruptTag,"(self, tag)",894,todo,
sql/connect/session.py,method,SparkSession,interruptOperation,"(self, op_id)",901,todo,
sql/connect/session.py,method,SparkSession,addTag,"(self, tag)",908,todo,
sql/connect/session.py,method,SparkSession,removeTag,"(self, tag)",913,todo,
sql/connect/session.py,method,SparkSession,getTags,(self),918,todo,
sql/connect/session.py,method,SparkSession,clearTags,(self),923,todo,
sql/connect/session.py,method,SparkSession,stop,(self),928,verified,session.rs (e2e-tested)
sql/connect/session.py,method,SparkSession,is_stopped,(self),993,todo,
sql/connect/session.py,method,SparkSession,conf,(self),1000,verified,session.rs (e2e-tested)
sql/connect/session.py,method,SparkSession,streams,(self),1006,todo,
sql/connect/session.py,method,SparkSession,__getattr__,"(self, name)",1014,todo,
sql/connect/session.py,method,SparkSession,udf,(self),1022,todo,
sql/connect/session.py,method,SparkSession,udtf,(self),1030,todo,
sql/connect/session.py,method,SparkSession,dataSource,(self),1038,todo,
sql/connect/session.py,method,SparkSession,version,(self),1046,todo,
sql/connect/session.py,method,SparkSession,client,(self),1054,todo,
sql/connect/session.py,method,SparkSession,addArtifacts,"(self, *path, pyfile, archive, file)",1059,todo,
sql/connect/session.py,method,SparkSession,copyFromLocalToFs,"(self, local_path, dest_path)",1153,todo,
sql/connect/session.py,method,SparkSession,session_id,(self),1251,todo,
sql/connect/session.py,method,SparkSession,profile,(self),1259,todo,
sql/connect/session.py,method,SparkSession,__reduce__,(self),1264,todo,
sql/connect/session.py,method,SparkSession,cloneSession,"(self, new_session_id)",1290,todo,
sql/connect/session.py,method,SparkSession,newSession,(self),1325,todo,
sql/connect/shell/__init__.py,function,,progress_bar_enabled,(),25,todo,
sql/connect/shell/progress.py,class,,StageInfo,,42,todo,
sql/connect/shell/progress.py,class,,ProgressHandler,,50,todo,
sql/connect/shell/progress.py,method,ProgressHandler,__call__,"(self, stages, inflight_tasks, operation_id, done)",52,todo,
sql/connect/shell/progress.py,function,,from_proto,(proto),62,todo,
sql/connect/shell/progress.py,class,,Progress,,79,todo,
sql/connect/shell/progress.py,method,Progress,__init__,"(self, char, min_width, output, enabled, handlers, operation_id)",87,todo,
sql/connect/shell/progress.py,method,Progress,__enter__,(self),139,todo,
sql/connect/shell/progress.py,method,Progress,__exit__,"(self, exc_type, exception, exc_tb)",142,todo,
sql/connect/shell/progress.py,method,Progress,update_ticks,"(self, stages, inflight_tasks, operation_id)",151,todo,
sql/connect/shell/progress.py,method,Progress,finish,(self),183,todo,
sql/connect/shell/progress.py,method,Progress,output,(self),190,todo,
sql/connect/sql_formatter.py,class,,SQLStringFormatter,,30,todo,
sql/connect/sql_formatter.py,method,SQLStringFormatter,__init__,"(self, session)",37,todo,
sql/connect/sql_formatter.py,method,SQLStringFormatter,get_field,"(self, field_name, args, kwargs)",41,todo,
sql/connect/sql_formatter.py,method,SQLStringFormatter,clear,(self),75,todo,
sql/connect/streaming/query.py,class,,StreamingQuery,,46,done,streaming.rs
sql/connect/streaming/query.py,method,StreamingQuery,__init__,"(self, session, queryId, runId, name)",47,done,streaming.rs
sql/connect/streaming/query.py,method,StreamingQuery,id,(self),56,done,streaming.rs
sql/connect/streaming/query.py,method,StreamingQuery,runId,(self),62,done,streaming.rs
sql/connect/streaming/query.py,method,StreamingQuery,name,(self),68,done,streaming.rs
sql/connect/streaming/query.py,method,StreamingQuery,isActive,(self),74,done,streaming.rs
sql/connect/streaming/query.py,method,StreamingQuery,awaitTermination,"(self, timeout)",79,done,streaming.rs
sql/connect/streaming/query.py,method,StreamingQuery,status,(self),99,done,streaming.rs
sql/connect/streaming/query.py,method,StreamingQuery,recentProgress,(self),110,done,streaming.rs
sql/connect/streaming/query.py,method,StreamingQuery,lastProgress,(self),119,done,streaming.rs
sql/connect/streaming/query.py,method,StreamingQuery,processAllAvailable,(self),130,done,streaming.rs
sql/connect/streaming/query.py,method,StreamingQuery,stop,(self),137,done,streaming.rs
sql/connect/streaming/query.py,method,StreamingQuery,explain,"(self, extended)",144,done,streaming.rs
sql/connect/streaming/query.py,method,StreamingQuery,exception,(self),152,done,streaming.rs
sql/connect/streaming/query.py,class,,StreamingQueryManager,,185,done,streaming.rs
sql/connect/streaming/query.py,method,StreamingQueryManager,__init__,"(self, session)",186,done,streaming.rs
sql/connect/streaming/query.py,method,StreamingQueryManager,close,(self),190,done,streaming.rs
sql/connect/streaming/query.py,method,StreamingQueryManager,active,(self),194,done,streaming.rs
sql/connect/streaming/query.py,method,StreamingQueryManager,get,"(self, id)",202,done,streaming.rs
sql/connect/streaming/query.py,method,StreamingQueryManager,awaitAnyTermination,"(self, timeout)",214,done,streaming.rs
sql/connect/streaming/query.py,method,StreamingQueryManager,resetTerminated,(self),237,done,streaming.rs
sql/connect/streaming/query.py,method,StreamingQueryManager,addListener,"(self, listener)",244,done,streaming.rs
sql/connect/streaming/query.py,method,StreamingQueryManager,removeListener,"(self, listener)",250,done,streaming.rs
sql/connect/streaming/query.py,class,,StreamingQueryListenerBus,,267,done,streaming.rs
sql/connect/streaming/query.py,method,StreamingQueryListenerBus,__init__,"(self, sqm)",273,done,streaming.rs
sql/connect/streaming/query.py,method,StreamingQueryListenerBus,close,(self),279,done,streaming.rs
sql/connect/streaming/query.py,method,StreamingQueryListenerBus,append,"(self, listener)",283,done,streaming.rs
sql/connect/streaming/query.py,method,StreamingQueryListenerBus,remove,"(self, listener)",308,done,streaming.rs
sql/connect/streaming/query.py,method,StreamingQueryListenerBus,deserialize,(event),390,done,streaming.rs
sql/connect/streaming/query.py,method,StreamingQueryListenerBus,post_to_all,"(self, event)",405,done,streaming.rs
sql/connect/streaming/readwriter.py,class,,DataStreamReader,,55,done,streaming.rs
sql/connect/streaming/readwriter.py,method,DataStreamReader,__init__,"(self, client)",56,done,streaming.rs
sql/connect/streaming/readwriter.py,method,DataStreamReader,format,"(self, source)",68,done,streaming.rs
sql/connect/streaming/readwriter.py,method,DataStreamReader,schema,"(self, schema)",74,done,streaming.rs
sql/connect/streaming/readwriter.py,method,DataStreamReader,option,"(self, key, value)",92,done,streaming.rs
sql/connect/streaming/readwriter.py,method,DataStreamReader,options,"(self, **options)",100,done,streaming.rs
sql/connect/streaming/readwriter.py,method,DataStreamReader,name,"(self, source_name)",107,done,streaming.rs
sql/connect/streaming/readwriter.py,method,DataStreamReader,load,"(self, path, format, schema, **options)",130,done,streaming.rs
sql/connect/streaming/readwriter.py,method,DataStreamReader,json,"(self, path, schema, primitivesAsString, prefersDecimal, allowComments, allowUnquotedFieldNames, allowSingleQuotes, allowNumericLeadingZero, allowBackslashEscapingAnyCharacter, mode, columnNameOfCorruptRecord, dateFormat, timestampFormat, multiLine, allowUnquotedControlChars, lineSep, locale, dropFieldIfAllNull, encoding, pathGlobFilter, recursiveFileLookup, allowNonNumericNumbers, useUnsafeRow)",161,done,streaming.rs
sql/connect/streaming/readwriter.py,method,DataStreamReader,orc,"(self, path, mergeSchema, pathGlobFilter, recursiveFileLookup)",225,done,streaming.rs
sql/connect/streaming/readwriter.py,method,DataStreamReader,parquet,"(self, path, mergeSchema, pathGlobFilter, recursiveFileLookup, datetimeRebaseMode, int96RebaseMode)",251,done,streaming.rs
sql/connect/streaming/readwriter.py,method,DataStreamReader,text,"(self, path, wholetext, lineSep, pathGlobFilter, recursiveFileLookup)",288,done,streaming.rs
sql/connect/streaming/readwriter.py,method,DataStreamReader,csv,"(self, path, schema, sep, encoding, quote, escape, comment, header, inferSchema, ignoreLeadingWhiteSpace, ignoreTrailingWhiteSpace, nullValue, nanValue, positiveInf, negativeInf, dateFormat, timestampFormat, maxColumns, maxCharsPerColumn, maxMalformedLogPerPartition, mode, columnNameOfCorruptRecord, multiLine, charToEscapeQuoteEscaping, enforceSchema, emptyValue, locale, lineSep, pathGlobFilter, recursiveFileLookup, unescapedQuoteHandling)",316,done,streaming.rs
sql/connect/streaming/readwriter.py,method,DataStreamReader,xml,"(self, path, rowTag, schema, excludeAttribute, attributePrefix, valueTag, ignoreSurroundingSpaces, rowValidationXSDPath, ignoreNamespace, wildcardColName, encoding, inferSchema, nullValue, dateFormat, timestampFormat, mode, columnNameOfCorruptRecord, multiLine, samplingRatio, locale)",396,done,streaming.rs
sql/connect/streaming/readwriter.py,method,DataStreamReader,table,"(self, tableName)",454,done,streaming.rs
sql/connect/streaming/readwriter.py,method,DataStreamReader,changes,"(self, tableName)",459,done,streaming.rs
sql/connect/streaming/readwriter.py,class,,DataStreamWriter,,474,done,streaming.rs
sql/connect/streaming/readwriter.py,method,DataStreamWriter,__init__,"(self, plan, session)",475,done,streaming.rs
sql/connect/streaming/readwriter.py,method,DataStreamWriter,outputMode,"(self, outputMode)",480,done,streaming.rs
sql/connect/streaming/readwriter.py,method,DataStreamWriter,format,"(self, source)",486,done,streaming.rs
sql/connect/streaming/readwriter.py,method,DataStreamWriter,option,"(self, key, value)",492,done,streaming.rs
sql/connect/streaming/readwriter.py,method,DataStreamWriter,options,"(self, **options)",500,done,streaming.rs
sql/connect/streaming/readwriter.py,method,DataStreamWriter,partitionBy,"(self, *cols)",508,done,streaming.rs
sql/connect/streaming/readwriter.py,method,DataStreamWriter,partitionBy,"(self, __cols)",511,done,streaming.rs
sql/connect/streaming/readwriter.py,method,DataStreamWriter,partitionBy,"(self, *cols)",513,done,streaming.rs
sql/connect/streaming/readwriter.py,method,DataStreamWriter,clusterBy,"(self, *cols)",525,done,streaming.rs
sql/connect/streaming/readwriter.py,method,DataStreamWriter,clusterBy,"(self, __cols)",528,done,streaming.rs
sql/connect/streaming/readwriter.py,method,DataStreamWriter,clusterBy,"(self, *cols)",530,done,streaming.rs
sql/connect/streaming/readwriter.py,method,DataStreamWriter,queryName,"(self, queryName)",541,done,streaming.rs
sql/connect/streaming/readwriter.py,method,DataStreamWriter,trigger,"(self, *, processingTime)",553,done,streaming.rs
sql/connect/streaming/readwriter.py,method,DataStreamWriter,trigger,"(self, *, once)",556,done,streaming.rs
sql/connect/streaming/readwriter.py,method,DataStreamWriter,trigger,"(self, *, continuous)",559,done,streaming.rs
sql/connect/streaming/readwriter.py,method,DataStreamWriter,trigger,"(self, *, availableNow)",562,done,streaming.rs
sql/connect/streaming/readwriter.py,method,DataStreamWriter,trigger,"(self, *, realTime)",565,done,streaming.rs
sql/connect/streaming/readwriter.py,method,DataStreamWriter,trigger,"(self, *, processingTime, once, continuous, availableNow, realTime)",567,done,streaming.rs
sql/connect/streaming/readwriter.py,method,DataStreamWriter,foreach,"(self, f)",637,done,streaming.rs
sql/connect/streaming/readwriter.py,method,DataStreamWriter,foreach,"(self, f)",640,done,streaming.rs
sql/connect/streaming/readwriter.py,method,DataStreamWriter,foreach,"(self, f)",642,done,streaming.rs
sql/connect/streaming/readwriter.py,method,DataStreamWriter,foreachBatch,"(self, func)",663,done,streaming.rs
sql/connect/streaming/readwriter.py,method,DataStreamWriter,start,"(self, path, format, outputMode, partitionBy, queryName, **options)",725,done,streaming.rs
sql/connect/streaming/readwriter.py,method,DataStreamWriter,toTable,"(self, tableName, format, outputMode, partitionBy, queryName, **options)",746,done,streaming.rs
sql/connect/streaming/worker/foreach_batch_worker.py,function,,main,"(infile, outfile)",45,todo,
sql/connect/streaming/worker/listener_worker.py,function,,main,"(infile, outfile)",53,todo,
sql/connect/table_arg.py,class,,TableArg,,47,todo,
sql/connect/table_arg.py,method,TableArg,__init__,"(self, subquery_expr)",48,todo,
sql/connect/table_arg.py,method,TableArg,partitionBy,"(self, *cols)",57,todo,
sql/connect/table_arg.py,method,TableArg,orderBy,"(self, *cols)",75,todo,
sql/connect/table_arg.py,method,TableArg,withSinglePartition,(self),90,todo,
sql/connect/table_arg.py,method,TableArg,to_plan,"(self, session)",105,todo,
sql/connect/tvf.py,class,,TableValuedFunction,,28,todo,
sql/connect/tvf.py,method,TableValuedFunction,__init__,"(self, sparkSession)",31,todo,
sql/connect/tvf.py,method,TableValuedFunction,range,"(self, start, end, step, numPartitions)",34,todo,
sql/connect/tvf.py,method,TableValuedFunction,explode,"(self, collection)",47,todo,
sql/connect/tvf.py,method,TableValuedFunction,explode_outer,"(self, collection)",52,todo,
sql/connect/tvf.py,method,TableValuedFunction,inline,"(self, input)",57,todo,
sql/connect/tvf.py,method,TableValuedFunction,inline_outer,"(self, input)",62,todo,
sql/connect/tvf.py,method,TableValuedFunction,json_tuple,"(self, input, *fields)",67,todo,
sql/connect/tvf.py,method,TableValuedFunction,posexplode,"(self, collection)",77,todo,
sql/connect/tvf.py,method,TableValuedFunction,posexplode_outer,"(self, collection)",82,todo,
sql/connect/tvf.py,method,TableValuedFunction,stack,"(self, n, *fields)",87,todo,
sql/connect/tvf.py,method,TableValuedFunction,collations,(self),92,todo,
sql/connect/tvf.py,method,TableValuedFunction,sql_keywords,(self),97,todo,
sql/connect/tvf.py,method,TableValuedFunction,variant_explode,"(self, input)",102,todo,
sql/connect/tvf.py,method,TableValuedFunction,variant_explode_outer,"(self, input)",107,todo,
sql/connect/tvf.py,method,TableValuedFunction,python_worker_logs,(self),112,todo,
sql/connect/types.py,class,,UnparsedDataType,,58,done,spark-connect/src/types.rs
sql/connect/types.py,method,UnparsedDataType,__init__,"(self, data_type_string)",93,done,spark-connect/src/types.rs
sql/connect/types.py,method,UnparsedDataType,simpleString,(self),96,done,spark-connect/src/types.rs
sql/connect/types.py,method,UnparsedDataType,__repr__,(self),99,done,spark-connect/src/types.rs
sql/connect/types.py,method,UnparsedDataType,jsonValue,(self),102,done,spark-connect/src/types.rs
sql/connect/types.py,method,UnparsedDataType,needConversion,(self),108,done,spark-connect/src/types.rs
sql/connect/types.py,method,UnparsedDataType,toInternal,"(self, obj)",114,done,spark-connect/src/types.rs
sql/connect/types.py,method,UnparsedDataType,fromInternal,"(self, obj)",120,done,spark-connect/src/types.rs
sql/connect/types.py,function,,pyspark_types_to_proto_types,(data_type),127,done,spark-connect/src/types.rs
sql/connect/types.py,function,,proto_schema_to_pyspark_data_type,(schema),218,done,spark-connect/src/types.rs
sql/connect/types.py,function,,parse_attr_name,(name),336,done,spark-connect/src/types.rs
sql/connect/types.py,function,,verify_col_name,"(name, schema)",380,done,spark-connect/src/types.rs
sql/connect/types.py,function,,verify_numeric_col_name,"(name, schema)",407,done,spark-connect/src/types.rs
sql/connect/udf.py,class,,UserDefinedFunction,,124,done,udf.rs+pyspark-rs
sql/connect/udf.py,method,UserDefinedFunction,__init__,"(self, func, returnType, name, evalType, deterministic)",135,done,udf.rs+pyspark-rs
sql/connect/udf.py,method,UserDefinedFunction,returnType,(self),183,done,udf.rs+pyspark-rs
sql/connect/udf.py,method,UserDefinedFunction,__call__,"(self, *args, **kwargs)",221,done,udf.rs+pyspark-rs
sql/connect/udf.py,method,UserDefinedFunction,asNondeterministic,(self),262,done,udf.rs+pyspark-rs
sql/connect/udf.py,class,,UDFRegistration,,272,done,udf.rs+pyspark-rs
sql/connect/udf.py,method,UDFRegistration,__init__,"(self, sparkSession)",277,done,udf.rs+pyspark-rs
sql/connect/udf.py,method,UDFRegistration,register,"(self, name, f, returnType)",280,done,udf.rs+pyspark-rs
sql/connect/udf.py,method,UDFRegistration,registerJavaFunction,"(self, name, javaClassName, returnType)",333,done,udf.rs+pyspark-rs
sql/connect/udf.py,method,UDFRegistration,registerJavaUDAF,"(self, name, javaClassName)",343,done,udf.rs+pyspark-rs
sql/connect/udtf.py,class,,UserDefinedTableFunction,,138,done,udf.rs
sql/connect/udtf.py,method,UserDefinedTableFunction,__init__,"(self, func, returnType, name, evalType, deterministic)",148,done,udf.rs
sql/connect/udtf.py,method,UserDefinedTableFunction,__call__,"(self, *args, **kwargs)",198,done,udf.rs
sql/connect/udtf.py,method,UserDefinedTableFunction,asDeterministic,(self),207,done,udf.rs
sql/connect/udtf.py,class,,UDTFRegistration,,212,done,udf.rs
sql/connect/udtf.py,method,UDTFRegistration,__init__,"(self, sparkSession)",219,done,udf.rs
sql/connect/udtf.py,method,UDTFRegistration,register,"(self, name, f)",222,done,udf.rs
sql/connect/utils.py,function,,check_dependencies,(),24,todo,
sql/connect/utils.py,function,,require_minimum_grpc_version,(),49,todo,
sql/connect/utils.py,function,,require_minimum_grpcio_status_version,(),74,todo,
sql/connect/utils.py,function,,require_minimum_googleapis_common_protos_version,(),90,todo,
sql/connect/utils.py,function,,require_minimum_zstandard_version,(),106,todo,
sql/connect/utils.py,function,,get_python_ver,(),122,todo,
sql/connect/window.py,class,,WindowFrame,,39,verified,window.rs (15 golden)
sql/connect/window.py,method,WindowFrame,__init__,"(self, isRowFrame, start, end)",40,verified,window.rs (15 golden)
sql/connect/window.py,method,WindowFrame,__repr__,(self),50,verified,window.rs (15 golden)
sql/connect/window.py,class,,WindowSpec,,57,verified,window.rs (15 golden)
sql/connect/window.py,method,WindowSpec,__new__,"(cls, partitionSpec, orderSpec, frame)",58,verified,window.rs (15 golden)
sql/connect/window.py,method,WindowSpec,__getnewargs__,(self),67,verified,window.rs (15 golden)
sql/connect/window.py,method,WindowSpec,__init__,"(self, partitionSpec, orderSpec, frame)",70,verified,window.rs (15 golden)
sql/connect/window.py,method,WindowSpec,partitionBy,"(self, *cols)",85,verified,window.rs (15 golden)
sql/connect/window.py,method,WindowSpec,orderBy,"(self, *cols)",92,verified,window.rs (15 golden)
sql/connect/window.py,method,WindowSpec,rowsBetween,"(self, start, end)",99,verified,window.rs (15 golden)
sql/connect/window.py,method,WindowSpec,rangeBetween,"(self, start, end)",111,verified,window.rs (15 golden)
sql/connect/window.py,method,WindowSpec,__repr__,(self),123,verified,window.rs (15 golden)
sql/connect/window.py,class,,Window,,136,verified,window.rs (15 golden)
sql/connect/window.py,method,Window,partitionBy,(*cols),140,verified,window.rs (15 golden)
sql/connect/window.py,method,Window,orderBy,(*cols),144,verified,window.rs (15 golden)
sql/connect/window.py,method,Window,rowsBetween,"(start, end)",148,verified,window.rs (15 golden)
sql/connect/window.py,method,Window,rangeBetween,"(start, end)",152,verified,window.rs (15 golden)
sql/types.py,class,,DataType,,115,done,spark-connect/src/types.rs
sql/types.py,method,DataType,__repr__,(self),118,done,spark-connect/src/types.rs
sql/types.py,method,DataType,__hash__,(self),121,done,spark-connect/src/types.rs
sql/types.py,method,DataType,__eq__,"(self, other)",124,done,spark-connect/src/types.rs
sql/types.py,method,DataType,__ne__,"(self, other)",127,todo,
sql/types.py,method,DataType,typeName,(cls),131,done,spark-connect/src/types.rs
sql/types.py,method,DataType,simpleString,(self),134,done,spark-connect/src/types.rs
sql/types.py,method,DataType,jsonValue,(self),137,done,spark-connect/src/types.rs
sql/types.py,method,DataType,json,(self),140,done,spark-connect/src/types.rs
sql/types.py,method,DataType,needConversion,(self),143,done,types.rs from_ddl
sql/types.py,method,DataType,toInternal,"(self, obj)",151,done,types.rs from_ddl
sql/types.py,method,DataType,fromInternal,"(self, obj)",157,done,types.rs from_ddl
sql/types.py,method,DataType,fromDDL,"(cls, ddl)",167,done,types.rs from_ddl
sql/types.py,class,,DataTypeSingleton,,238,done,spark-connect/src/types.rs
sql/types.py,method,DataTypeSingleton,__call__,(cls),243,todo,
sql/types.py,class,,NullType,,249,done,spark-connect/src/types.rs
sql/types.py,method,NullType,typeName,(cls),256,done,spark-connect/src/types.rs
sql/types.py,class,,AtomicType,,260,done,spark-connect/src/types.rs
sql/types.py,class,,NumericType,,265,done,spark-connect/src/types.rs
sql/types.py,class,,IntegralType,,269,done,spark-connect/src/types.rs
sql/types.py,class,,FractionalType,,275,done,spark-connect/src/types.rs
sql/types.py,class,,StringType,,279,done,spark-connect/src/types.rs
sql/types.py,method,StringType,__init__,"(self, collation)",292,done,spark-connect/src/types.rs
sql/types.py,method,StringType,collationProvider,"(cls, collationName)",296,todo,
sql/types.py,method,StringType,simpleString,(self),302,done,spark-connect/src/types.rs
sql/types.py,method,StringType,jsonValue,(self),308,done,spark-connect/src/types.rs
sql/types.py,method,StringType,__repr__,(self),311,done,spark-connect/src/types.rs
sql/types.py,method,StringType,isUTF8BinaryCollation,(self),316,todo,
sql/types.py,class,,CharType,,320,done,spark-connect/src/types.rs
sql/types.py,method,CharType,__init__,"(self, length)",329,done,spark-connect/src/types.rs
sql/types.py,method,CharType,simpleString,(self),332,done,spark-connect/src/types.rs
sql/types.py,method,CharType,jsonValue,(self),335,done,spark-connect/src/types.rs
sql/types.py,method,CharType,__repr__,(self),338,done,spark-connect/src/types.rs
sql/types.py,class,,VarcharType,,342,done,spark-connect/src/types.rs
sql/types.py,method,VarcharType,__init__,"(self, length)",351,done,spark-connect/src/types.rs
sql/types.py,method,VarcharType,simpleString,(self),354,done,spark-connect/src/types.rs
sql/types.py,method,VarcharType,jsonValue,(self),357,done,spark-connect/src/types.rs
sql/types.py,method,VarcharType,__repr__,(self),360,done,spark-connect/src/types.rs
sql/types.py,class,,BinaryType,,364,done,spark-connect/src/types.rs
sql/types.py,class,,BooleanType,,370,done,spark-connect/src/types.rs
sql/types.py,class,,DatetimeType,,376,done,spark-connect/src/types.rs
sql/types.py,class,,DateType,,380,done,spark-connect/src/types.rs
sql/types.py,method,DateType,needConversion,(self),385,done,types.rs from_ddl
sql/types.py,method,DateType,toInternal,"(self, d)",388,done,types.rs from_ddl
sql/types.py,method,DateType,fromInternal,"(self, v)",392,done,types.rs from_ddl
sql/types.py,class,,AnyTimeType,,397,done,spark-connect/src/types.rs
sql/types.py,class,,TimeType,,403,done,spark-connect/src/types.rs
sql/types.py,method,TimeType,__init__,"(self, precision)",410,done,spark-connect/src/types.rs
sql/types.py,method,TimeType,needConversion,(self),413,done,types.rs from_ddl
sql/types.py,method,TimeType,toInternal,"(self, t)",416,done,types.rs from_ddl
sql/types.py,method,TimeType,fromInternal,"(self, nano)",425,done,types.rs from_ddl
sql/types.py,method,TimeType,simpleString,(self),433,done,spark-connect/src/types.rs
sql/types.py,method,TimeType,jsonValue,(self),436,done,spark-connect/src/types.rs
sql/types.py,method,TimeType,__repr__,(self),439,done,spark-connect/src/types.rs
sql/types.py,class,,TimestampType,,443,done,spark-connect/src/types.rs
sql/types.py,method,TimestampType,needConversion,(self),446,done,types.rs from_ddl
sql/types.py,method,TimestampType,toInternal,"(self, dt)",449,done,types.rs from_ddl
sql/types.py,method,TimestampType,fromInternal,"(self, ts)",456,done,types.rs from_ddl
sql/types.py,class,,TimestampNTZType,,462,done,spark-connect/src/types.rs
sql/types.py,method,TimestampNTZType,needConversion,(self),465,done,types.rs from_ddl
sql/types.py,method,TimestampNTZType,typeName,(cls),469,done,spark-connect/src/types.rs
sql/types.py,method,TimestampNTZType,toInternal,"(self, dt)",472,done,types.rs from_ddl
sql/types.py,method,TimestampNTZType,fromInternal,"(self, ts)",477,done,types.rs from_ddl
sql/types.py,class,,DecimalType,,485,done,spark-connect/src/types.rs
sql/types.py,method,DecimalType,__init__,"(self, precision, scale)",505,done,spark-connect/src/types.rs
sql/types.py,method,DecimalType,simpleString,(self),510,done,spark-connect/src/types.rs
sql/types.py,method,DecimalType,jsonValue,(self),513,done,spark-connect/src/types.rs
sql/types.py,method,DecimalType,__repr__,(self),516,done,spark-connect/src/types.rs
sql/types.py,class,,DoubleType,,520,done,spark-connect/src/types.rs
sql/types.py,class,,FloatType,,526,done,spark-connect/src/types.rs
sql/types.py,class,,SpatialType,,532,done,spark-connect/src/types.rs
sql/types.py,class,,GeographyType,,541,done,spark-connect/src/types.rs
sql/types.py,method,GeographyType,__init__,"(self, srid)",557,done,spark-connect/src/types.rs
sql/types.py,method,GeographyType,simpleString,(self),603,done,spark-connect/src/types.rs
sql/types.py,method,GeographyType,__repr__,(self),611,done,spark-connect/src/types.rs
sql/types.py,method,GeographyType,jsonValue,(self),619,done,spark-connect/src/types.rs
sql/types.py,method,GeographyType,needConversion,(self),623,done,types.rs from_ddl
sql/types.py,method,GeographyType,fromInternal,"(self, obj)",626,done,types.rs from_ddl
sql/types.py,method,GeographyType,toInternal,"(self, geography)",631,done,types.rs from_ddl
sql/types.py,class,,GeometryType,,638,done,spark-connect/src/types.rs
sql/types.py,method,GeometryType,__init__,"(self, srid)",660,done,spark-connect/src/types.rs
sql/types.py,method,GeometryType,simpleString,(self),701,done,spark-connect/src/types.rs
sql/types.py,method,GeometryType,__repr__,(self),709,done,spark-connect/src/types.rs
sql/types.py,method,GeometryType,jsonValue,(self),717,done,spark-connect/src/types.rs
sql/types.py,method,GeometryType,needConversion,(self),721,done,types.rs from_ddl
sql/types.py,method,GeometryType,fromInternal,"(self, obj)",724,done,types.rs from_ddl
sql/types.py,method,GeometryType,toInternal,"(self, geometry)",729,done,types.rs from_ddl
sql/types.py,class,,ByteType,,736,done,spark-connect/src/types.rs
sql/types.py,method,ByteType,simpleString,(self),739,done,spark-connect/src/types.rs
sql/types.py,class,,IntegerType,,743,done,spark-connect/src/types.rs
sql/types.py,method,IntegerType,simpleString,(self),746,done,spark-connect/src/types.rs
sql/types.py,class,,LongType,,750,done,spark-connect/src/types.rs
sql/types.py,method,LongType,simpleString,(self),757,done,spark-connect/src/types.rs
sql/types.py,class,,ShortType,,761,done,spark-connect/src/types.rs
sql/types.py,method,ShortType,simpleString,(self),764,done,spark-connect/src/types.rs
sql/types.py,class,,AnsiIntervalType,,768,done,spark-connect/src/types.rs
sql/types.py,class,,DayTimeIntervalType,,774,done,spark-connect/src/types.rs
sql/types.py,method,DayTimeIntervalType,__init__,"(self, startField, endField)",791,done,spark-connect/src/types.rs
sql/types.py,method,DayTimeIntervalType,__repr__,(self),821,done,spark-connect/src/types.rs
sql/types.py,method,DayTimeIntervalType,needConversion,(self),824,done,types.rs from_ddl
sql/types.py,method,DayTimeIntervalType,toInternal,"(self, dt)",827,done,types.rs from_ddl
sql/types.py,method,DayTimeIntervalType,fromInternal,"(self, micros)",831,done,types.rs from_ddl
sql/types.py,class,,YearMonthIntervalType,,836,done,spark-connect/src/types.rs
sql/types.py,method,YearMonthIntervalType,__init__,"(self, startField, endField)",854,done,spark-connect/src/types.rs
sql/types.py,method,YearMonthIntervalType,needConversion,(self),884,done,types.rs from_ddl
sql/types.py,method,YearMonthIntervalType,toInternal,"(self, obj)",890,done,types.rs from_ddl
sql/types.py,method,YearMonthIntervalType,fromInternal,"(self, obj)",896,done,types.rs from_ddl
sql/types.py,method,YearMonthIntervalType,__repr__,(self),902,done,spark-connect/src/types.rs
sql/types.py,class,,CalendarIntervalType,,906,done,spark-connect/src/types.rs
sql/types.py,method,CalendarIntervalType,typeName,(cls),916,done,spark-connect/src/types.rs
sql/types.py,method,CalendarIntervalType,needConversion,(self),919,done,types.rs from_ddl
sql/types.py,method,CalendarIntervalType,toInternal,"(self, obj)",922,done,types.rs from_ddl
sql/types.py,method,CalendarIntervalType,fromInternal,"(self, obj)",928,done,types.rs from_ddl
sql/types.py,class,,ArrayType,,935,done,spark-connect/src/types.rs
sql/types.py,method,ArrayType,__init__,"(self, elementType, containsNull)",961,done,spark-connect/src/types.rs
sql/types.py,method,ArrayType,simpleString,(self),969,done,spark-connect/src/types.rs
sql/types.py,method,ArrayType,toNullable,(self),975,todo,
sql/types.py,method,ArrayType,__repr__,(self),1007,done,spark-connect/src/types.rs
sql/types.py,method,ArrayType,jsonValue,(self),1010,done,spark-connect/src/types.rs
sql/types.py,method,ArrayType,fromJson,"(cls, json, fieldPath, collationsMap)",1018,done,spark-connect/src/types.rs
sql/types.py,method,ArrayType,needConversion,(self),1031,done,types.rs from_ddl
sql/types.py,method,ArrayType,toInternal,"(self, obj)",1034,done,types.rs from_ddl
sql/types.py,method,ArrayType,fromInternal,"(self, obj)",1039,done,types.rs from_ddl
sql/types.py,class,,MapType,,1060,done,spark-connect/src/types.rs
sql/types.py,method,MapType,__init__,"(self, keyType, valueType, valueContainsNull)",1094,done,spark-connect/src/types.rs
sql/types.py,method,MapType,simpleString,(self),1107,done,spark-connect/src/types.rs
sql/types.py,method,MapType,toNullable,(self),1115,todo,
sql/types.py,method,MapType,__repr__,(self),1148,done,spark-connect/src/types.rs
sql/types.py,method,MapType,jsonValue,(self),1151,done,spark-connect/src/types.rs
sql/types.py,method,MapType,fromJson,"(cls, json, fieldPath, collationsMap)",1160,done,spark-connect/src/types.rs
sql/types.py,method,MapType,needConversion,(self),1178,done,types.rs from_ddl
sql/types.py,method,MapType,toInternal,"(self, obj)",1181,done,types.rs from_ddl
sql/types.py,method,MapType,fromInternal,"(self, obj)",1188,done,types.rs from_ddl
sql/types.py,class,,StructField,,1215,done,spark-connect/src/types.rs
sql/types.py,method,StructField,__init__,"(self, name, dataType, nullable, metadata)",1240,done,spark-connect/src/types.rs
sql/types.py,method,StructField,simpleString,(self),1257,done,spark-connect/src/types.rs
sql/types.py,method,StructField,__repr__,(self),1260,done,spark-connect/src/types.rs
sql/types.py,method,StructField,jsonValue,(self),1263,done,spark-connect/src/types.rs
sql/types.py,method,StructField,fromJson,"(cls, json)",1307,done,spark-connect/src/types.rs
sql/types.py,method,StructField,getCollationsMap,"(self, metadata)",1330,todo,
sql/types.py,method,StructField,getCollationMetadata,(self),1346,todo,
sql/types.py,method,StructField,schemaCollationValue,"(self, dt)",1369,todo,
sql/types.py,method,StructField,needConversion,(self),1375,done,types.rs from_ddl
sql/types.py,method,StructField,toInternal,"(self, obj)",1378,done,types.rs from_ddl
sql/types.py,method,StructField,fromInternal,"(self, obj)",1381,done,types.rs from_ddl
sql/types.py,method,StructField,typeName,(self),1384,done,spark-connect/src/types.rs
sql/types.py,class,,StructType,,1407,done,spark-connect/src/types.rs
sql/types.py,method,StructType,__init__,"(self, fields)",1465,done,spark-connect/src/types.rs
sql/types.py,method,StructType,add,"(self, field, data_type, nullable, metadata)",1480,done,types.rs from_ddl
sql/types.py,method,StructType,add,"(self, field)",1489,done,types.rs from_ddl
sql/types.py,method,StructType,add,"(self, field, data_type, nullable, metadata)",1491,done,types.rs from_ddl
sql/types.py,method,StructType,__iter__,(self),1563,todo,
sql/types.py,method,StructType,__len__,(self),1567,todo,
sql/types.py,method,StructType,__getitem__,"(self, key)",1571,todo,
sql/types.py,method,StructType,simpleString,(self),1598,done,spark-connect/src/types.rs
sql/types.py,method,StructType,toNullable,(self),1614,todo,
sql/types.py,method,StructType,__repr__,(self),1649,done,spark-connect/src/types.rs
sql/types.py,method,StructType,jsonValue,(self),1652,done,spark-connect/src/types.rs
sql/types.py,method,StructType,fromJson,"(cls, json)",1656,done,spark-connect/src/types.rs
sql/types.py,method,StructType,fieldNames,(self),1750,done,types.rs from_ddl
sql/types.py,method,StructType,needConversion,(self),1763,done,types.rs from_ddl
sql/types.py,method,StructType,toInternal,"(self, obj)",1767,done,types.rs from_ddl
sql/types.py,method,StructType,fromInternal,"(self, obj)",1811,done,types.rs from_ddl
sql/types.py,method,StructType,treeString,"(self, maxDepth)",1838,todo,
sql/types.py,method,StructType,toDDL,(self),1847,todo,
sql/types.py,class,,VariantType,,1860,done,spark-connect/src/types.rs
sql/types.py,method,VariantType,needConversion,(self),1867,done,types.rs from_ddl
sql/types.py,method,VariantType,fromInternal,"(self, obj)",1870,done,types.rs from_ddl
sql/types.py,method,VariantType,toInternal,"(self, variant)",1875,done,types.rs from_ddl
sql/types.py,class,,UserDefinedType,,1882,wip,stub: needs Python callable
sql/types.py,method,UserDefinedType,typeName,(cls),1889,done,spark-connect/src/types.rs
sql/types.py,method,UserDefinedType,sqlType,(cls),1893,todo,
sql/types.py,method,UserDefinedType,module,(cls),1903,todo,
sql/types.py,method,UserDefinedType,scalaUDT,(cls),1913,todo,
sql/types.py,method,UserDefinedType,needConversion,(self),1920,done,types.rs from_ddl
sql/types.py,method,UserDefinedType,toInternal,"(self, obj)",1932,done,types.rs from_ddl
sql/types.py,method,UserDefinedType,fromInternal,"(self, obj)",1936,done,types.rs from_ddl
sql/types.py,method,UserDefinedType,serialize,"(self, obj)",1941,todo,
sql/types.py,method,UserDefinedType,deserialize,"(self, datum)",1950,todo,
sql/types.py,method,UserDefinedType,simpleString,(self),1959,done,spark-connect/src/types.rs
sql/types.py,method,UserDefinedType,json,(self),1962,done,spark-connect/src/types.rs
sql/types.py,method,UserDefinedType,jsonValue,(self),1965,done,spark-connect/src/types.rs
sql/types.py,method,UserDefinedType,fromJson,"(cls, json)",1986,done,spark-connect/src/types.rs
sql/types.py,class,,VariantVal,,2007,done,spark-connect/src/types.rs
sql/types.py,method,VariantVal,__init__,"(self, value, metadata)",2036,done,spark-connect/src/types.rs
sql/types.py,method,VariantVal,__str__,(self),2040,todo,
sql/types.py,method,VariantVal,__repr__,(self),2043,done,spark-connect/src/types.rs
sql/types.py,method,VariantVal,toPython,(self),2046,todo,
sql/types.py,method,VariantVal,toJson,"(self, zone_id)",2057,todo,
sql/types.py,method,VariantVal,parseJson,"(cls, json_str)",2071,todo,
sql/types.py,class,,Geography,,2084,done,spark-connect/src/types.rs
sql/types.py,method,Geography,__init__,"(self, wkb, srid)",2115,done,spark-connect/src/types.rs
sql/types.py,method,Geography,__str__,(self),2119,todo,
sql/types.py,method,Geography,__repr__,(self),2122,done,spark-connect/src/types.rs
sql/types.py,method,Geography,getSrid,(self),2125,todo,
sql/types.py,method,Geography,getBytes,(self),2131,todo,
sql/types.py,method,Geography,__eq__,"(self, other)",2137,done,spark-connect/src/types.rs
sql/types.py,method,Geography,fromWKB,"(cls, wkb, srid)",2145,todo,
sql/types.py,class,,Geometry,,2153,done,spark-connect/src/types.rs
sql/types.py,method,Geometry,__init__,"(self, wkb, srid)",2184,done,spark-connect/src/types.rs
sql/types.py,method,Geometry,__str__,(self),2188,todo,
sql/types.py,method,Geometry,__repr__,(self),2191,done,spark-connect/src/types.rs
sql/types.py,method,Geometry,getSrid,(self),2194,todo,
sql/types.py,method,Geometry,getBytes,(self),2200,todo,
sql/types.py,method,Geometry,__eq__,"(self, other)",2206,done,spark-connect/src/types.rs
sql/types.py,method,Geometry,fromWKB,"(cls, wkb, srid)",2214,todo,
sql/types.py,class,,Row,,3490,done,spark-connect/src/types.rs
sql/types.py,method,Row,__new__,"(cls, *args)",3547,todo,
sql/types.py,method,Row,__new__,"(cls, **kwargs)",3550,todo,
sql/types.py,method,Row,__new__,"(cls, *args, **kwargs)",3552,todo,
sql/types.py,method,Row,asDict,"(self, recursive)",3567,todo,
sql/types.py,method,Row,__contains__,"(self, item)",3620,todo,
sql/types.py,method,Row,__call__,"(self, *args)",3627,todo,
sql/types.py,method,Row,__getitem__,"(self, item)",3640,todo,
sql/types.py,method,Row,__getattr__,"(self, item)",3653,todo,
sql/types.py,method,Row,__setattr__,"(self, key, value)",3672,todo,
sql/types.py,method,Row,__reduce__,(self),3680,todo,
sql/types.py,method,Row,__repr__,(self),3689,done,spark-connect/src/types.rs
sql/types.py,class,,DateConverter,,3699,done,spark-connect/src/types.rs
sql/types.py,method,DateConverter,can_convert,"(self, obj)",3700,todo,
sql/types.py,method,DateConverter,convert,"(self, obj, gateway_client)",3703,todo,
sql/types.py,class,,TimeConverter,,3710,done,spark-connect/src/types.rs
sql/types.py,method,TimeConverter,can_convert,"(self, obj)",3711,todo,
sql/types.py,method,TimeConverter,convert,"(self, obj, gateway_client)",3714,todo,
sql/types.py,class,,DatetimeConverter,,3721,done,spark-connect/src/types.rs
sql/types.py,method,DatetimeConverter,can_convert,"(self, obj)",3722,todo,
sql/types.py,method,DatetimeConverter,convert,"(self, obj, gateway_client)",3725,todo,
sql/types.py,class,,DatetimeNTZConverter,,3737,done,spark-connect/src/types.rs
sql/types.py,method,DatetimeNTZConverter,can_convert,"(self, obj)",3738,todo,
sql/types.py,method,DatetimeNTZConverter,convert,"(self, obj, gateway_client)",3747,todo,
sql/types.py,class,,DayTimeIntervalTypeConverter,,3758,done,spark-connect/src/types.rs
sql/types.py,method,DayTimeIntervalTypeConverter,can_convert,"(self, obj)",3759,todo,
sql/types.py,method,DayTimeIntervalTypeConverter,convert,"(self, obj, gateway_client)",3762,todo,
sql/types.py,class,,NumpyScalarConverter,,3774,done,spark-connect/src/types.rs
sql/types.py,method,NumpyScalarConverter,can_convert,"(self, obj)",3775,todo,
sql/types.py,method,NumpyScalarConverter,convert,"(self, obj, gateway_client)",3784,todo,
sql/types.py,class,,NumpyArrayConverter,,3788,done,spark-connect/src/types.rs
sql/types.py,method,NumpyArrayConverter,can_convert,"(self, obj)",3814,todo,
sql/types.py,method,NumpyArrayConverter,convert,"(self, obj, gateway_client)",3823,todo,
sql/column.py,class,,Column,,41,todo,
sql/column.py,method,Column,__new__,"(cls, *args, **kwargs)",74,todo,
sql/column.py,method,Column,__neg__,(self),81,todo,
sql/column.py,method,Column,__add__,"(self, other)",84,todo,
sql/column.py,method,Column,__sub__,"(self, other)",89,todo,
sql/column.py,method,Column,__mul__,"(self, other)",94,todo,
sql/column.py,method,Column,__div__,"(self, other)",99,todo,
sql/column.py,method,Column,__truediv__,"(self, other)",104,todo,
sql/column.py,method,Column,__mod__,"(self, other)",109,todo,
sql/column.py,method,Column,__radd__,"(self, other)",114,todo,
sql/column.py,method,Column,__rsub__,"(self, other)",119,todo,
sql/column.py,method,Column,__rmul__,"(self, other)",124,todo,
sql/column.py,method,Column,__rdiv__,"(self, other)",129,todo,
sql/column.py,method,Column,__rtruediv__,"(self, other)",134,todo,
sql/column.py,method,Column,__rmod__,"(self, other)",139,todo,
sql/column.py,method,Column,__pow__,"(self, other)",144,todo,
sql/column.py,method,Column,__rpow__,"(self, other)",149,todo,
sql/column.py,method,Column,__eq__,"(self, other)",155,todo,
sql/column.py,method,Column,__ne__,"(self, other)",163,todo,
sql/column.py,method,Column,__lt__,"(self, other)",171,todo,
sql/column.py,method,Column,__le__,"(self, other)",176,todo,
sql/column.py,method,Column,__ge__,"(self, other)",181,todo,
sql/column.py,method,Column,__gt__,"(self, other)",186,todo,
sql/column.py,method,Column,eqNullSafe,"(self, other)",191,todo,
sql/column.py,method,Column,__and__,"(self, other)",262,todo,
sql/column.py,method,Column,__or__,"(self, other)",267,todo,
sql/column.py,method,Column,__invert__,(self),272,todo,
sql/column.py,method,Column,__rand__,"(self, other)",275,todo,
sql/column.py,method,Column,__ror__,"(self, other)",280,todo,
sql/column.py,method,Column,__contains__,"(self, item)",286,todo,
sql/column.py,method,Column,bitwiseOR,"(self, other)",294,todo,
sql/column.py,method,Column,bitwiseAND,"(self, other)",319,todo,
sql/column.py,method,Column,bitwiseXOR,"(self, other)",344,todo,
sql/column.py,method,Column,getItem,"(self, key)",369,todo,
sql/column.py,method,Column,getField,"(self, name)",406,todo,
sql/column.py,method,Column,withField,"(self, fieldName, col)",448,todo,
sql/column.py,method,Column,dropFields,"(self, *fieldNames)",492,todo,
sql/column.py,method,Column,__getattr__,"(self, item)",559,todo,
sql/column.py,method,Column,__getitem__,"(self, k)",592,todo,
sql/column.py,method,Column,__iter__,(self),626,todo,
sql/column.py,method,Column,contains,"(self, other)",630,todo,
sql/column.py,method,Column,startswith,"(self, other)",654,todo,
sql/column.py,method,Column,endswith,"(self, other)",680,todo,
sql/column.py,method,Column,like,"(self, other)",706,todo,
sql/column.py,method,Column,rlike,"(self, other)",738,todo,
sql/column.py,method,Column,ilike,"(self, other)",767,todo,
sql/column.py,method,Column,substr,"(self, startPos, length)",802,todo,
sql/column.py,method,Column,substr,"(self, startPos, length)",805,todo,
sql/column.py,method,Column,substr,"(self, startPos, length)",808,todo,
sql/column.py,method,Column,isin,"(self, *cols)",849,todo,
sql/column.py,method,Column,asc,(self),929,todo,
sql/column.py,method,Column,asc_nulls_first,(self),946,todo,
sql/column.py,method,Column,asc_nulls_last,(self),968,todo,
sql/column.py,method,Column,desc,(self),990,todo,
sql/column.py,method,Column,desc_nulls_first,(self),1009,todo,
sql/column.py,method,Column,desc_nulls_last,(self),1031,todo,
sql/column.py,method,Column,isNull,(self),1052,todo,
sql/column.py,method,Column,isNotNull,(self),1069,todo,
sql/column.py,method,Column,isNaN,(self),1086,todo,
sql/column.py,method,Column,alias,"(self, *alias, **kwargs)",1103,todo,
sql/column.py,method,Column,name,"(self, *alias, **kwargs)",1145,todo,
sql/column.py,method,Column,cast,"(self, dataType)",1154,todo,
sql/column.py,method,Column,try_cast,"(self, dataType)",1187,todo,
sql/column.py,method,Column,astype,"(self, dataType)",1237,todo,
sql/column.py,method,Column,between,"(self, lowerBound, upperBound)",1246,todo,
sql/column.py,method,Column,when,"(self, condition, value)",1356,todo,
sql/column.py,method,Column,otherwise,"(self, value)",1432,todo,
sql/column.py,method,Column,over,"(self, window)",1472,todo,
sql/column.py,method,Column,transform,"(self, f)",1515,todo,
sql/column.py,method,Column,outer,(self),1567,todo,
sql/column.py,method,Column,__nonzero__,(self),1607,todo,
sql/column.py,method,Column,__bool__,(self),1610,todo,
sql/column.py,method,Column,__repr__,(self),1613,todo,
errors/exceptions/connect.py,class,,SparkConnectException,,51,done,error.rs
errors/exceptions/connect.py,function,,convert_exception,"(info, truncated_message, resp, display_server_stacktrace, grpc_status_code)",57,done,error.rs
errors/exceptions/connect.py,function,,convert_observation_errors,"(root_error_idx, errors)",89,done,error.rs
errors/exceptions/connect.py,class,,SparkConnectGrpcException,,253,done,error.rs
errors/exceptions/connect.py,method,SparkConnectGrpcException,__init__,"(self, message, errorClass, messageParameters, reason, sql_state, server_stacktrace, display_server_stacktrace, contexts, grpc_status_code, breaking_change_info)",258,done,error.rs
errors/exceptions/connect.py,method,SparkConnectGrpcException,getSqlState,(self),301,done,error.rs
errors/exceptions/connect.py,method,SparkConnectGrpcException,getStackTrace,(self),307,done,error.rs
errors/exceptions/connect.py,method,SparkConnectGrpcException,getMessage,(self),310,done,error.rs
errors/exceptions/connect.py,method,SparkConnectGrpcException,getGrpcStatusCode,(self),316,done,error.rs
errors/exceptions/connect.py,method,SparkConnectGrpcException,getBreakingChangeInfo,(self),319,done,error.rs
errors/exceptions/connect.py,method,SparkConnectGrpcException,__str__,(self),328,done,error.rs
errors/exceptions/connect.py,class,,UnknownException,,332,done,error.rs
errors/exceptions/connect.py,method,UnknownException,__init__,"(self, message, errorClass, messageParameters, reason, sql_state, server_stacktrace, display_server_stacktrace, contexts, grpc_status_code, breaking_change_info)",339,done,error.rs
errors/exceptions/connect.py,class,,AnalysisException,,366,done,error.rs
errors/exceptions/connect.py,class,,ParseException,,372,done,error.rs
errors/exceptions/connect.py,class,,IllegalArgumentException,,378,done,error.rs
errors/exceptions/connect.py,class,,StreamingQueryException,,384,done,error.rs
errors/exceptions/connect.py,class,,QueryExecutionException,,390,done,error.rs
errors/exceptions/connect.py,class,,PythonException,,396,done,error.rs
errors/exceptions/connect.py,class,,ArithmeticException,,402,done,error.rs
errors/exceptions/connect.py,class,,UnsupportedOperationException,,408,done,error.rs
errors/exceptions/connect.py,class,,ArrayIndexOutOfBoundsException,,414,done,error.rs
errors/exceptions/connect.py,class,,DateTimeException,,420,done,error.rs
errors/exceptions/connect.py,class,,NumberFormatException,,426,done,error.rs
errors/exceptions/connect.py,class,,SparkRuntimeException,,432,done,error.rs
errors/exceptions/connect.py,class,,SparkUpgradeException,,438,done,error.rs
errors/exceptions/connect.py,class,,SparkException,,444,done,error.rs
errors/exceptions/connect.py,class,,SparkNoSuchElementException,,448,done,error.rs
errors/exceptions/connect.py,class,,InvalidPlanInput,,454,done,error.rs
errors/exceptions/connect.py,class,,StreamingPythonRunnerInitializationException,,460,done,error.rs
errors/exceptions/connect.py,class,,PickleException,,468,done,error.rs
errors/exceptions/connect.py,class,,SQLQueryContext,,503,done,error.rs
errors/exceptions/connect.py,method,SQLQueryContext,__init__,"(self, q)",504,done,error.rs
errors/exceptions/connect.py,method,SQLQueryContext,contextType,(self),507,done,error.rs
errors/exceptions/connect.py,method,SQLQueryContext,objectType,(self),510,done,error.rs
errors/exceptions/connect.py,method,SQLQueryContext,objectName,(self),513,done,error.rs
errors/exceptions/connect.py,method,SQLQueryContext,startIndex,(self),516,done,error.rs
errors/exceptions/connect.py,method,SQLQueryContext,stopIndex,(self),519,done,error.rs
errors/exceptions/connect.py,method,SQLQueryContext,fragment,(self),522,done,error.rs
errors/exceptions/connect.py,method,SQLQueryContext,callSite,(self),525,done,error.rs
errors/exceptions/connect.py,method,SQLQueryContext,summary,(self),536,done,error.rs
errors/exceptions/connect.py,class,,DataFrameQueryContext,,540,done,error.rs
errors/exceptions/connect.py,method,DataFrameQueryContext,__init__,"(self, q)",541,done,error.rs
errors/exceptions/connect.py,method,DataFrameQueryContext,contextType,(self),544,done,error.rs
errors/exceptions/connect.py,method,DataFrameQueryContext,objectType,(self),547,done,error.rs
errors/exceptions/connect.py,method,DataFrameQueryContext,objectName,(self),558,done,error.rs
errors/exceptions/connect.py,method,DataFrameQueryContext,startIndex,(self),569,done,error.rs
errors/exceptions/connect.py,method,DataFrameQueryContext,stopIndex,(self),580,done,error.rs
errors/exceptions/connect.py,method,DataFrameQueryContext,fragment,(self),591,done,error.rs
errors/exceptions/connect.py,method,DataFrameQueryContext,callSite,(self),594,done,error.rs
errors/exceptions/connect.py,method,DataFrameQueryContext,summary,(self),597,done,error.rs
errors/exceptions/base.py,class,,PySparkException,,34,done,error.rs
errors/exceptions/base.py,method,PySparkException,__init__,"(self, message, errorClass, messageParameters, contexts)",39,done,error.rs
errors/exceptions/base.py,method,PySparkException,getCondition,(self),61,done,error.rs
errors/exceptions/base.py,method,PySparkException,getErrorClass,(self),76,done,error.rs
errors/exceptions/base.py,method,PySparkException,getMessageParameters,(self),94,done,error.rs
errors/exceptions/base.py,method,PySparkException,getSqlState,(self),109,done,error.rs
errors/exceptions/base.py,method,PySparkException,getMessage,(self),126,done,error.rs
errors/exceptions/base.py,method,PySparkException,getBreakingChangeInfo,(self),141,done,error.rs
errors/exceptions/base.py,method,PySparkException,getQueryContext,(self),158,done,error.rs
errors/exceptions/base.py,method,PySparkException,__str__,(self),197,done,error.rs
errors/exceptions/base.py,class,,AnalysisException,,204,done,error.rs
errors/exceptions/base.py,class,,SessionNotSameException,,210,done,error.rs
errors/exceptions/base.py,class,,TempTableAlreadyExistsException,,216,done,error.rs
errors/exceptions/base.py,class,,ParseException,,222,done,error.rs
errors/exceptions/base.py,class,,IllegalArgumentException,,228,done,error.rs
errors/exceptions/base.py,class,,ArithmeticException,,234,done,error.rs
errors/exceptions/base.py,class,,UnsupportedOperationException,,240,done,error.rs
errors/exceptions/base.py,class,,ArrayIndexOutOfBoundsException,,246,done,error.rs
errors/exceptions/base.py,class,,DateTimeException,,252,done,error.rs
errors/exceptions/base.py,class,,NumberFormatException,,258,done,error.rs
errors/exceptions/base.py,class,,StreamingQueryException,,264,done,error.rs
errors/exceptions/base.py,class,,StreamingPythonRunnerInitializationException,,270,done,error.rs
errors/exceptions/base.py,class,,QueryExecutionException,,276,done,error.rs
errors/exceptions/base.py,class,,PythonException,,282,done,error.rs
errors/exceptions/base.py,class,,SparkRuntimeException,,288,done,error.rs
errors/exceptions/base.py,class,,SparkUpgradeException,,294,done,error.rs
errors/exceptions/base.py,class,,SparkNoSuchElementException,,300,done,error.rs
errors/exceptions/base.py,class,,UnknownException,,306,done,error.rs
errors/exceptions/base.py,class,,PySparkValueError,,312,done,error.rs
errors/exceptions/base.py,class,,PySparkTypeError,,318,done,error.rs
errors/exceptions/base.py,class,,PySparkIndexError,,324,done,error.rs
errors/exceptions/base.py,class,,PySparkAttributeError,,330,done,error.rs
errors/exceptions/base.py,class,,PySparkRuntimeError,,336,done,error.rs
errors/exceptions/base.py,class,,PySparkAssertionError,,342,done,error.rs
errors/exceptions/base.py,method,PySparkAssertionError,__init__,"(self, message, errorClass, messageParameters, data)",347,done,error.rs
errors/exceptions/base.py,class,,PySparkNotImplementedError,,358,done,error.rs
errors/exceptions/base.py,class,,PySparkPicklingError,,364,done,error.rs
errors/exceptions/base.py,class,,PySparkKeyError,,370,done,error.rs
errors/exceptions/base.py,class,,PySparkImportError,,376,done,error.rs
errors/exceptions/base.py,class,,PickleException,,382,done,error.rs
errors/exceptions/base.py,class,,QueryContextType,,390,done,error.rs
errors/exceptions/base.py,class,,QueryContext,,401,done,error.rs
errors/exceptions/base.py,method,QueryContext,contextType,(self),410,done,error.rs
errors/exceptions/base.py,method,QueryContext,objectType,(self),417,done,error.rs
errors/exceptions/base.py,method,QueryContext,objectName,(self),426,done,error.rs
errors/exceptions/base.py,method,QueryContext,startIndex,(self),435,done,error.rs
errors/exceptions/base.py,method,QueryContext,stopIndex,(self),442,done,error.rs
errors/exceptions/base.py,method,QueryContext,fragment,(self),449,done,error.rs
errors/exceptions/base.py,method,QueryContext,callSite,(self),456,done,error.rs
errors/exceptions/base.py,method,QueryContext,summary,(self),463,done,error.rs
errors/exceptions/base.py,function,,recover_python_exception,(e),470,done,error.rs
